id_mutation,date_mutation,numero_disposition,nature_mutation,valeur_fonciere,adresse_numero,adresse_suffixe,adresse_nom_voie,adresse_code_voie,code_postal,code_commune,nom_commune,code_departement,ancien_code_commune,ancien_nom_commune,id_parcelle,ancien_id_parcelle,numero_volume,lot1_numero,lot1_surface_carrez,lot2_numero,lot2_surface_carrez,lot3_numero,lot3_surface_carrez,lot4_numero,lot4_surface_carrez,lot5_numero,lot5_surface_carrez,nombre_lots,code_type_local,type_local,surface_reelle_bati,nombre_pieces_principales,code_nature_culture,nature_culture,code_nature_culture_speciale,nature_culture_speciale,surface_terrain,longitude,latitude
2025-487671,2025-01-03,000002,Vente,199000,199,,RUE SAINT-DENIS,8525,75002,75102,Paris 2e Arrondissement,75,,,75102000AM0050,,,58,,59,,60,,,,,,3,3,Dépendance,,0,,,,,,2.350629,48.866376
2025-487671,2025-01-03,000002,Vente,199000,199,,RUE SAINT-DENIS,8525,75002,75102,Paris 2e Arrondissement,75,,,75102000AM0050,,,68,,,,,,,,,,1,2,Appartement,16,1,,,,,,2.350629,48.866376
2025-487671,2025-01-03,000002,Vente,199000,199,,RUE SAINT-DENIS,8525,75002,75102,Paris 2e Arrondissement,75,,,75102000AM0050,,,58,,59,,60,,,,,,3,2,Appartement,117,5,,,,,,2.350629,48.866376
2025-487671,2025-01-03,000002,Vente,199000,199,,RUE SAINT-DENIS,8525,75002,75102,Paris 2e Arrondissement,75,,,75102000AM0050,,,58,,59,,60,,,,,,3,3,Dépendance,,0,,,,,,2.350629,48.866376
2025-487671,2025-01-03,000002,Vente,199000,199,,RUE SAINT-DENIS,8525,75002,75102,Paris 2e Arrondissement,75,,,75102000AM0050,,,58,,59,,60,,,,,,3,3,Dépendance,,0,,,,,,2.350629,48.866376
2025-487686,2025-01-07,000001,Vente,270000,21,,RUE DES PETITS CARREAUX,7346,75002,75102,Paris 2e Arrondissement,75,,,75102000AJ0080,,,26,24,,,,,,,,,1,2,Appartement,22,1,,,,,,2.346876,48.867175
2025-487811,2025-01-08,000001,Vente,441000,38,,RUE GRENETA,4318,75002,75102,Paris 2e Arrondissement,75,,,75102000AM0120,,,14,,45,37.39,,,,,,,2,4,Local industriel. commercial ou assimilé,49,0,,,,,,2.349035,48.865453
2025-487879,2025-01-16,000001,Vente,516600,3,,RUE D AMBOISE,0260,75002,75102,Paris 2e Arrondissement,75,,,75102000AG0037,,,29,,41,43.65,,,,,,,2,2,Appartement,43,2,,,,,,2.339043,48.870881
2025-487879,2025-01-16,000001,Vente,516600,3,,RUE D AMBOISE,0260,75002,75102,Paris 2e Arrondissement,75,,,75102000AG0037,,,29,,41,43.65,,,,,,,2,3,Dépendance,,0,,,,,,2.339043,48.870881
2025-487894,2025-01-09,000001,Vente,300000,169,,RUE MONTMARTRE,6513,75002,75102,Paris 2e Arrondissement,75,,,75102000AG0094,,,23,,29,,,,,,,,2,2,Appartement,26,2,,,,,,2.342781,48.871288
2025-488014,2025-01-09,000001,Vente,1204500,11,,RUE MONSIGNY,6446,75002,75102,Paris 2e Arrondissement,75,,,75102000AC0054,,,15,97.59,17,,4,,,,,,3,2,Appartement,90,3,,,,,,2.335366,48.86901
2025-488014,2025-01-09,000001,Vente,1204500,11,,RUE MONSIGNY,6446,75002,75102,Paris 2e Arrondissement,75,,,75102000AC0054,,,15,97.59,17,,4,,,,,,3,3,Dépendance,,0,,,,,,2.335366,48.86901
2025-488014,2025-01-09,000001,Vente,1204500,11,,RUE MONSIGNY,6446,75002,75102,Paris 2e Arrondissement,75,,,75102000AC0054,,,15,97.59,17,,4,,,,,,3,3,Dépendance,,0,,,,,,2.335366,48.86901
2025-488014,2025-01-09,000001,Vente,1204500,11,,RUE MONSIGNY,6446,75002,75102,Paris 2e Arrondissement,75,,,75102000AC0054,,,20,,,,,,,,,,1,3,Dépendance,,0,,,,,,2.335366,48.86901
2025-488019,2025-01-13,000001,Vente,175000,6,,RUE RAMEAU,8011,75002,75102,Paris 2e Arrondissement,75,,,75102000AF0100,,,51,15.4,,,,,,,,,1,2,Appartement,15,1,,,,,,2.336552,48.868093
2025-488080,2025-01-23,000001,Vente,1195460,146,,RUE MONTMARTRE,6513,75002,75102,Paris 2e Arrondissement,75,,,75102000AI0063,,,7,85.39,,,,,,,,,1,4,Local industriel. commercial ou assimilé,450,0,,,,,,2.343497,48.869328
2025-488090,2025-01-10,000001,Vente,779600,55,,RUE MONTMARTRE,6513,75002,75102,Paris 2e Arrondissement,75,,,75102000AK0086,,,32,58.59,,,,,,,,,1,2,Appartement,58,3,,,,,,2.344134,48.865842
2025-488119,2025-01-23,000001,Vente,535000,146,,RUE MONTMARTRE,6513,75002,75102,Paris 2e Arrondissement,75,,,75102000AI0063,,,1,53.6,,,,,,,,,1,4,Local industriel. commercial ou assimilé,450,0,,,,,,2.343497,48.869328
2025-488121,2025-01-17,000001,Vente,209000,18,,RUE VOLNEY,9900,75002,75102,Paris 2e Arrondissement,75,,,75102000AB0059,,,475,15.01,,,,,,,,,1,2,Appartement,15,1,,,,,,2.3306,48.869712
2025-488165,2025-01-09,000001,Vente,269700,13,,RUE MARIE STUART,6084,75002,75102,Paris 2e Arrondissement,75,,,75102000AL0141,,,16,21.21,38,,,,,,,,2,3,Dépendance,,0,,,,,,2.347515,48.864918
2025-488165,2025-01-09,000001,Vente,269700,13,,RUE MARIE STUART,6084,75002,75102,Paris 2e Arrondissement,75,,,75102000AL0141,,,16,21.21,38,,,,,,,,2,2,Appartement,22,2,,,,,,2.347515,48.864918
2025-488185,2025-01-13,000001,Vente,239475,20,,RUE SAINT-SAUVEUR,8752,75002,75102,Paris 2e Arrondissement,75,,,75102000AM0019,,,41,17.14,,,,,,,,,1,2,Appartement,20,1,,,,,,2.348337,48.866416
2025-488256,2025-01-30,000001,Vente,610000,44,,RUE TIQUETONNE,9318,75002,75102,Paris 2e Arrondissement,75,,,75102000AL0142,,,25,47.68,26,,,,,,,,2,3,Dépendance,,0,,,,,,2.347365,48.864927
2025-488256,2025-01-30,000001,Vente,610000,44,,RUE TIQUETONNE,9318,75002,75102,Paris 2e Arrondissement,75,,,75102000AL0142,,,25,47.68,26,,,,,,,,2,2,Appartement,48,2,,,,,,2.347365,48.864927
2025-488350,2025-01-31,000001,Vente,425000,78,,RUE D ABOUKIR,0040,75002,75102,Paris 2e Arrondissement,75,,,75102000AI0139,,,25,36.68,,,,,,,,,1,2,Appartement,37,2,,,,,,2.347094,48.867715
2025-488384,2025-01-06,000001,Vente,263000,26,,RUE VIVIENNE,9893,75002,75102,Paris 2e Arrondissement,75,,,75102000AG0162,,,111,25.4,,,,,,,,,1,2,Appartement,25,2,,,,,,2.340989,48.870133
2025-488432,2025-01-14,000001,Vente,428000,38,,RUE GRENETA,4318,75002,75102,Paris 2e Arrondissement,75,,,75102000AM0120,,,41,36.94,,,,,,,,,1,4,Local industriel. commercial ou assimilé,39,0,,,,,,2.349035,48.865453
2025-488432,2025-01-14,000001,Vente,428000,38,,RUE GRENETA,4318,75002,75102,Paris 2e Arrondissement,75,,,75102000AM0120,,,25,,,,,,,,,,1,3,Dépendance,,0,,,,,,2.349035,48.865453
2025-488432,2025-01-14,000001,Vente,428000,38,,RUE GRENETA,4318,75002,75102,Paris 2e Arrondissement,75,,,75102000AM0120,,,15,,,,,,,,,,1,3,Dépendance,,0,,,,,,2.349035,48.865453
2025-488441,2025-01-14,000001,Vente,1750000,55,,RUE MONTMARTRE,6513,75002,75102,Paris 2e Arrondissement,75,,,75102000AK0086,,,10,,8,,9,,,,,,3,4,Local industriel. commercial ou assimilé,22,0,,,,,,2.344134,48.865842
2025-488441,2025-01-14,000001,Vente,1750000,55,,RUE MONTMARTRE,6513,75002,75102,Paris 2e Arrondissement,75,,,75102000AK0086,,,10,,8,,9,,,,,,3,4,Local industriel. commercial ou assimilé,92,0,,,,,,2.344134,48.865842
2025-488441,2025-01-14,000001,Vente,1750000,55,,RUE MONTMARTRE,6513,75002,75102,Paris 2e Arrondissement,75,,,75102000AK0086,,,10,,8,,9,,,,,,3,4,Local industriel. commercial ou assimilé,120,0,,,,,,2.344134,48.865842
2025-488441,2025-01-14,000001,Vente,1750000,55,,RUE MONTMARTRE,6513,75002,75102,Paris 2e Arrondissement,75,,,75102000AK0086,,,10,,103,,8,,9,,,,4,4,Local industriel. commercial ou assimilé,50,0,,,,,,2.344134,48.865842
2025-488452,2025-01-31,000001,Vente,315000,69,,RUE D ARGOUT,0440,75002,75102,Paris 2e Arrondissement,75,,,75102000AK0122,,,9,25,,,,,,,,,1,2,Appartement,26,1,,,,,,2.344027,48.866375
2025-488470,2025-01-30,000001,Vente,680000,78,,RUE MONTORGUEIL,6520,75002,75102,Paris 2e Arrondissement,75,,,75102000AL0001,,,14,48.1,,,,,,,,,1,2,Appartement,65,3,,,,,,2.347155,48.865585
2025-488512,2025-01-28,000001,Vente,600000,78,,RUE DE CLERY,2110,75002,75102,Paris 2e Arrondissement,75,,,75102000AO0164,,,2,93.16,,,,,,,,,1,4,Local industriel. commercial ou assimilé,100,0,,,,,,2.350129,48.869001
2025-488537,2025-01-14,000001,Vente,10000,27,,RUE BEAUREGARD,0789,75002,75102,Paris 2e Arrondissement,75,,,75102000AO0038,,,22,,,,,,,,,,1,2,Appartement,44,2,,,,,,2.350705,48.869607
2025-488537,2025-01-14,000001,Vente,10000,27,,RUE BEAUREGARD,0789,75002,75102,Paris 2e Arrondissement,75,,,75102000AO0038,,,22,,,,,,,,,,1,3,Dépendance,,0,,,,,,2.350705,48.869607
2025-488537,2025-01-14,000001,Vente,10000,27,,RUE BEAUREGARD,0789,75002,75102,Paris 2e Arrondissement,75,,,75102000AO0038,,,22,,,,,,,,,,1,3,Dépendance,,0,,,,,,2.350705,48.869607
2025-488582,2025-01-29,000001,Vente,1600000,14,,RUE D ANTIN,0366,75002,75102,Paris 2e Arrondissement,75,,,75102000AC0085,,,17,,4,119.42,,,,,,,2,4,Local industriel. commercial ou assimilé,120,0,,,,,,2.333583,48.868954
2025-488642,2025-01-16,000001,Vente,282250,10,,RUE POISSONNIERE,7561,75002,75102,Paris 2e Arrondissement,75,,,75102000AO0086,,,33,33.09,,,,,,,,,1,2,Appartement,36,2,,,,,,2.348,48.868917
2025-488677,2025-01-30,000001,Vente,90000,32,,RUE DES JEUNEURS,4973,75002,75102,Paris 2e Arrondissement,75,,,75102000AH0035,,,37,,,,,,,,,,1,4,Local industriel. commercial ou assimilé,40,0,,,,,,2.344688,48.869776
2025-488741,2025-01-27,000001,Vente,310000,4,,RUE FEYDEAU,3635,75002,75102,Paris 2e Arrondissement,75,,,75102000AG0104,,,78,28.07,80,,,,,,,,2,2,Appartement,27,2,,,,,,2.341752,48.870203
2025-488771,2025-01-23,000001,Vente,455000,26,,RUE DE GRAMONT,4265,75002,75102,Paris 2e Arrondissement,75,,,75102000AG0006,,,1,,,,,,,,,,1,4,Local industriel. commercial ou assimilé,165,0,,,,,,2.337125,48.870832
2025-488777,2025-01-31,000001,Vente,1500000,26,,RUE ETIENNE MARCEL,3392,75002,75102,Paris 2e Arrondissement,75,,,75102000AL0118,,,5,,,,,,,,,,1,4,Local industriel. commercial ou assimilé,312,0,,,,,,2.347318,48.864483
2025-488800,2025-01-21,000001,Vente,953600,10,,PAS DU GRAND CERF,4269,75002,75102,Paris 2e Arrondissement,75,,,75102000AL0038,,,208,,,,,,,,,,1,3,Dépendance,,0,,,,,,2.349325,48.864805
2025-488800,2025-01-21,000001,Vente,953600,8,,RUE DUSSOUBS,3055,75002,75102,Paris 2e Arrondissement,75,,,75102000AL0038,,,102,65,,,,,,,,,1,2,Appartement,70,3,,,,,,2.349325,48.864805
2025-488812,2025-01-24,000001,Vente,370000,38,,RUE DE CLERY,2110,75002,75102,Paris 2e Arrondissement,75,,,75102000AI0125,,,21,33.25,,,,,,,,,1,2,Appartement,34,2,,,,,,2.346741,48.868019
2025-488812,2025-01-24,000001,Vente,370000,38,,RUE DE CLERY,2110,75002,75102,Paris 2e Arrondissement,75,,,75102000AI0125,,,21,33.25,,,,,,,,,1,3,Dépendance,,0,,,,,,2.346741,48.868019
2025-488857,2025-01-30,000001,Vente,8000000,31,,RUE DU MAIL,5913,75002,75102,Paris 2e Arrondissement,75,,,75102000AJ0146,,,18,,,,,,,,,,1,4,Local industriel. commercial ou assimilé,75,0,,,,,,2.343484,48.867441
2025-488857,2025-01-30,000001,Vente,8000000,31,,RUE DU MAIL,5913,75002,75102,Paris 2e Arrondissement,75,,,75102000AJ0146,,,21,,,,,,,,,,1,3,Dépendance,,0,,,,,,2.343484,48.867441
2025-488857,2025-01-30,000001,Vente,8000000,31,,RUE DU MAIL,5913,75002,75102,Paris 2e Arrondissement,75,,,75102000AJ0146,,,19,,,,,,,,,,1,3,Dépendance,,0,,,,,,2.343484,48.867441
2025-488857,2025-01-30,000001,Vente,8000000,31,,RUE DU MAIL,5913,75002,75102,Paris 2e Arrondissement,75,,,75102000AJ0146,,,7,,,,,,,,,,1,3,Dépendance,,0,,,,,,2.343484,48.867441
2025-488857,2025-01-30,000001,Vente,8000000,31,,RUE DU MAIL,5913,75002,75102,Paris 2e Arrondissement,75,,,75102000AJ0146,,,18,,,,,,,,,,1,3,Dépendance,,0,,,,,,2.343484,48.867441
2025-488857,2025-01-30,000001,Vente,8000000,31,,RUE DU MAIL,5913,75002,75102,Paris 2e Arrondissement,75,,,75102000AJ0146,,,16,321.46,,,,,,,,,1,2,Appartement,321,5,,,,,,2.343484,48.867441
2025-488858,2025-02-05,000001,Vente,485350,142,,RUE SAINT-DENIS,8525,75002,75102,Paris 2e Arrondissement,75,,,75102000AM0097,,,24,40.77,,,,,,,,,1,2,Appartement,47,3,,,,,,2.350545,48.865224
2025-488858,2025-02-05,000001,Vente,485350,142,,RUE SAINT-DENIS,8525,75002,75102,Paris 2e Arrondissement,75,,,75102000AM0097,,,24,40.77,,,,,,,,,1,3,Dépendance,,0,,,,,,2.350545,48.865224
2025-488867,2025-02-10,000001,Vente,591400,34,,RUE POISSONNIERE,7561,75002,75102,Paris 2e Arrondissement,75,,,75102000AO0074,,,8,36.62,,,,,,,,,1,2,Appartement,39,2,,,,,,2.348037,48.869892
2025-488899,2025-02-07,000001,Vente,275534,110,,RUE DE RICHELIEU,8212,75002,75102,Paris 2e Arrondissement,75,,,75102000AG0047,,,85,25.8,,,,,,,,,1,2,Appartement,26,1,,,,,,2.340154,48.87145
2025-488946,2025-02-10,000001,Vente,140300,20,,RUE SAINT FIACRE,8609,75002,75102,Paris 2e Arrondissement,75,,,75102000AH0048,,,59,11.04,60,,,,,,,,2,2,Appartement,16,1,,,,,,2.346078,48.870629
2025-488970,2025-02-12,000001,Vente,431000,4,,RUE BACHAUMONT,0622,75002,75102,Paris 2e Arrondissement,75,,,75102000AK0015,,,6,53.24,,,,,,,,,1,3,Dépendance,,0,,,,,,2.346515,48.866041
2025-488970,2025-02-12,000001,Vente,431000,4,,RUE BACHAUMONT,0622,75002,75102,Paris 2e Arrondissement,75,,,75102000AK0015,,,6,53.24,,,,,,,,,1,2,Appartement,55,3,,,,,,2.346515,48.866041
2025-489020,2025-01-17,000001,Vente,226000,25,,BD DE BONNE NOUVELLE,1097,75002,75102,Paris 2e Arrondissement,75,,,75102000AO0014,,,24,91.74,,,,,,,,,1,2,Appartement,91,4,,,,,,2.349333,48.870075
2025-489020,2025-01-17,000001,Vente,226000,25,,BD DE BONNE NOUVELLE,1097,75002,75102,Paris 2e Arrondissement,75,,,75102000AO0014,,,24,91.74,,,,,,,,,1,3,Dépendance,,0,,,,,,2.349333,48.870075
2025-489020,2025-01-17,000001,Vente,226000,25,,BD DE BONNE NOUVELLE,1097,75002,75102,Paris 2e Arrondissement,75,,,75102000AO0014,,,24,91.74,,,,,,,,,1,3,Dépendance,,0,,,,,,2.349333,48.870075
2025-489036,2025-02-13,000001,Vente,500,232,,RUE SAINT-DENIS,8525,75002,75102,Paris 2e Arrondissement,75,,,75102000AP0064,,,20,,,,,,,,,,1,3,Dépendance,,0,,,,,,2.352334,48.868732
2025-489036,2025-02-13,000001,Vente,500,232,,RUE SAINT-DENIS,8525,75002,75102,Paris 2e Arrondissement,75,,,75102000AP0064,,,20,,,,,,,,,,1,2,Appartement,45,1,,,,,,2.352334,48.868732
2025-489042,2025-01-28,000001,Vente,5000,17,,BD MONTMARTRE,6510,75002,75102,Paris 2e Arrondissement,75,,,75102000AG0052,,,127,,,,,,,,,,1,3,Dépendance,,0,,,,,,2.340741,48.871594
2025-489042,2025-01-28,000001,Vente,5000,17,,BD MONTMARTRE,6510,75002,75102,Paris 2e Arrondissement,75,,,75102000AG0052,,,127,,,,,,,,,,1,2,Appartement,80,3,,,,,,2.340741,48.871594
2025-489042,2025-01-28,000001,Vente,5000,17,,BD MONTMARTRE,6510,75002,75102,Paris 2e Arrondissement,75,,,75102000AG0052,,,127,,,,,,,,,,1,3,Dépendance,,0,,,,,,2.340741,48.871594
2025-489172,2025-02-14,000001,Vente,1620000,8,,RUE DE LA PAIX,6998,75002,75102,Paris 2e Arrondissement,75,,,75102000AB0048,,,197,,27,81.01,28,,29,,,,4,2,Appartement,84,2,,,,,,2.331416,48.86866
2025-489189,2025-02-14,000001,Vente,1920000,21,,RUE DU CAIRE,1432,75002,75102,Paris 2e Arrondissement,75,,,75102000AN0100,,,28,,29,,3,,30,,37,,6,4,Local industriel. commercial ou assimilé,230,0,,,,,,2.351,48.867315
2025-489253,2025-02-13,000001,Vente,140000,271,A,RUE SAINT-DENIS,8525,75002,75102,Paris 2e Arrondissement,75,,,75102000AP0146,,,54,21.47,,,,,,,,,1,2,Appartement,22,1,,,,,,2.351492,48.868658
2025-489253,2025-02-13,000001,Vente,140000,271,A,RUE SAINT-DENIS,8525,75002,75102,Paris 2e Arrondissement,75,,,75102000AP0146,,,54,21.47,,,,,,,,,1,3,Dépendance,,0,,,,,,2.351492,48.868658
2025-489302,2025-01-27,000001,Vente,535000,55,,RUE MONTMARTRE,6513,75002,75102,Paris 2e Arrondissement,75,,,75102000AK0086,,,30,46.79,,,,,,,,,1,2,Appartement,46,2,,,,,,2.344134,48.865842
2025-489347,2025-02-13,000001,Vente,451000,12,,RUE DES PETITS CARREAUX,7346,75002,75102,Paris 2e Arrondissement,75,,,75102000AM0004,,,22,,,,,,,,,,1,3,Dépendance,,0,,,,,,2.347585,48.86667
2025-489347,2025-02-13,000001,Vente,451000,12,,RUE DES PETITS CARREAUX,7346,75002,75102,Paris 2e Arrondissement,75,,,75102000AM0004,,,22,,,,,,,,,,1,2,Appartement,38,3,,,,,,2.347585,48.86667
2025-489367,2025-02-13,000001,Vente,18000,17,,BD MONTMARTRE,6510,75002,75102,Paris 2e Arrondissement,75,,,75102000AG0052,,,111,,,,,,,,,,1,2,Appartement,6,1,,,,,,2.340741,48.871594
2025-489394,2025-02-05,000001,Vente,475000,6,,RUE MANDAR,5974,75002,75102,Paris 2e Arrondissement,75,,,75102000AK0035,,,22,36.53,,,,,,,,,1,2,Appartement,38,2,,,,,,2.34636,48.865709
2025-489405,2025-02-24,000001,Vente,215000,5,,IMP SAINT-DENIS,8524,75002,75102,Paris 2e Arrondissement,75,,,75102000AM0174,,,16,22.06,8,,,,,,,,2,3,Dépendance,,0,,,,,,2.349934,48.865547
2025-489405,2025-02-24,000001,Vente,215000,5,,IMP SAINT-DENIS,8524,75002,75102,Paris 2e Arrondissement,75,,,75102000AM0174,,,16,22.06,8,,,,,,,,2,2,Appartement,22,1,,,,,,2.349934,48.865547
2025-489493,2025-02-14,000001,Vente,345000,13,,RUE TIQUETONNE,9318,75002,75102,Paris 2e Arrondissement,75,,,75102000AL0156,,,95,29.73,,,,,,,,,1,3,Dépendance,,0,,,,,,2.348714,48.864274
2025-489493,2025-02-14,000001,Vente,345000,13,,RUE TIQUETONNE,9318,75002,75102,Paris 2e Arrondissement,75,,,75102000AL0156,,,95,29.73,,,,,,,,,1,2,Appartement,17,1,,,,,,2.348714,48.864274
2025-489493,2025-02-14,000001,Vente,345000,13,,RUE TIQUETONNE,9318,75002,75102,Paris 2e Arrondissement,75,,,75102000AL0156,,,96,,,,,,,,,,1,2,Appartement,15,1,,,,,,2.348714,48.864274
2025-489566,2025-02-13,000001,Vente,225714,14,,RUE CHABANAIS,1669,75002,75102,Paris 2e Arrondissement,75,,,75102000AE0025,,,3,19.5,32,,,,,,,,2,2,Appartement,18,1,,,,,,2.337191,48.867654
2025-489586,2025-02-20,000001,Vente,350000,15,,RUE BEAUREGARD,0789,75002,75102,Paris 2e Arrondissement,75,,,75102000AO0050,,,44,29.3,46,,47,,,,,,3,2,Appartement,27,1,,,,,,2.349424,48.869452
2025-489590,2025-02-11,000001,Vente,95000,20,,RUE DE LA MICHODIERE,5302,75002,75102,Paris 2e Arrondissement,75,,,75102000AC0027,,,67,7.65,,,,,,,,,1,3,Dépendance,,0,,,,,,2.335299,48.870549
2025-489610,2025-02-11,000001,Vente,437000,38,,RUE DE CLERY,2110,75002,75102,Paris 2e Arrondissement,75,,,75102000AI0125,,,20,44.09,,,,,,,,,1,3,Dépendance,,0,,,,,,2.346741,48.868019
2025-489610,2025-02-11,000001,Vente,437000,38,,RUE DE CLERY,2110,75002,75102,Paris 2e Arrondissement,75,,,75102000AI0125,,,20,44.09,,,,,,,,,1,2,Appartement,45,2,,,,,,2.346741,48.868019
2025-489675,2025-02-20,000001,Vente,543000,7,,RUE MARIE STUART,6084,75002,75102,Paris 2e Arrondissement,75,,,75102000AL0136,,,14,45.72,29,,,,,,,,2,2,Appartement,52,3,,,,,,2.347919,48.864924
2025-489675,2025-02-20,000001,Vente,543000,7,,RUE MARIE STUART,6084,75002,75102,Paris 2e Arrondissement,75,,,75102000AL0136,,,14,45.72,29,,,,,,,,2,3,Dépendance,,0,,,,,,2.347919,48.864924
2025-489722,2025-02-07,000001,Vente,927100,66,,RUE DE RICHELIEU,8212,75002,75102,Paris 2e Arrondissement,75,,,75102000AF0061,,,10,,2,90.29,,,,,,,2,3,Dépendance,,0,,,,,,2.33884,48.868649
2025-489722,2025-02-07,000001,Vente,927100,66,,RUE DE RICHELIEU,8212,75002,75102,Paris 2e Arrondissement,75,,,75102000AF0061,,,10,,2,90.29,,,,,,,2,2,Appartement,93,3,,,,,,2.33884,48.868649
2025-489727,2025-02-20,000001,Vente,167000,21,,RUE DU CAIRE,1432,75002,75102,Paris 2e Arrondissement,75,,,75102000AN0100,,,24,14.64,,,,,,,,,1,2,Appartement,16,1,,,,,,2.351,48.867315
2025-489844,2025-02-14,000001,Vente,367680,19,,RUE MARSOLLIER,6124,75002,75102,Paris 2e Arrondissement,75,,,75102000AD0135,,,18,31.63,,,,,,,,,1,2,Appartement,38,1,,,,,,2.335033,48.868421
2025-489850,2025-02-28,000001,Vente,100000,249,,RUE SAINT-DENIS,8525,75002,75102,Paris 2e Arrondissement,75,,,75102000AP0152,,,120,52.5,,,,,,,,,1,4,Local industriel. commercial ou assimilé,46,0,,,,,,2.351423,48.868082
2025-489894,2025-02-25,000001,Vente,505000,34,,RUE D ABOUKIR,0040,75002,75102,Paris 2e Arrondissement,75,,,75102000AJ0065,,,15,,9,49.45,,,,,,,2,2,Appartement,51,3,,,,,,2.344899,48.866969
2025-489907,2025-02-13,000001,Vente,120000,5,,PAS BASFOUR,0698,75002,75102,Paris 2e Arrondissement,75,,,75102000AM0056,,,7,32.25,,,,,,,,,1,4,Local industriel. commercial ou assimilé,36,0,,,,,,2.351444,48.866244
2025-489917,2025-02-27,000001,Vente,897500,62,,RUE TIQUETONNE,9318,75002,75102,Paris 2e Arrondissement,75,,,75102000AK0062,,,56,90.8,,,,,,,,,1,2,Appartement,90,3,,,,,,2.346001,48.865248
2025-489959,2025-02-03,000001,Vente,175000,22,,RUE ETIENNE MARCEL,3392,75002,75102,Paris 2e Arrondissement,75,,,75102000AL0116,,,22,,,,,,,,,,1,2,Appartement,20,1,,,,,,2.347882,48.864292
2025-489963,2025-03-04,000001,Vente,400000,22,,RUE TIQUETONNE,9318,75002,75102,Paris 2e Arrondissement,75,,,75102000AL0042,,,1,,,,,,,,,,1,4,Local industriel. commercial ou assimilé,54,0,,,,,,2.348797,48.864739
2025-489996,2025-02-25,000001,Vente,287000,132,,RUE SAINT-DENIS,8525,75002,75102,Paris 2e Arrondissement,75,,,75102000AL0066,,,4,27.8,,,,,,,,,1,2,Appartement,29,1,,,,,,2.350499,48.864935
2025-490000,2025-02-28,000001,Vente,460000,16,,RUE BEAUREGARD,0789,75002,75102,Paris 2e Arrondissement,75,,,75102000AO0105,,,15,50.95,,,,,,,,,1,2,Appartement,46,3,,,,,,2.348992,48.869062
2025-490055,2025-02-21,000001,Vente,285000,110,,RUE DE RICHELIEU,8212,75002,75102,Paris 2e Arrondissement,75,,,75102000AG0047,,,86,22.46,,,,,,,,,1,2,Appartement,23,1,,,,,,2.340154,48.87145
2025-490074,2025-02-12,000001,Vente,217660,55,,RUE DE CLERY,2110,75002,75102,Paris 2e Arrondissement,75,,,75102000AO0107,,,15,20.37,,,,,,,,,1,2,Appartement,16,1,,,,,,2.34911,48.868994
2025-490092,2025-02-07,000001,Vente,275000,10,,RUE POISSONNIERE,7561,75002,75102,Paris 2e Arrondissement,75,,,75102000AO0086,,,16,28.95,,,,,,,,,1,2,Appartement,30,1,,,,,,2.348,48.868917
2025-490095,2025-02-11,000001,Vente,1220000,43,,PAS CHOISEUL,2012,75002,75102,Paris 2e Arrondissement,75,,,75102000AD0136,,,13,30.99,15,45.39,8,,,,,,3,4,Local industriel. commercial ou assimilé,81,0,,,,,,2.335468,48.868
2025-490122,2025-03-05,000001,Vente,1585000,118,,RUE SAINT-DENIS,8525,75002,75102,Paris 2e Arrondissement,75,,,75102000AL0055,,,27,89.39,,,,,,,,,1,2,Appartement,105,3,,,,,,2.350425,48.864493
2025-490144,2025-02-26,000001,Vente,265000,20,,RUE NOTRE-DAME DE RECOUVRANCE,6836,75002,75102,Paris 2e Arrondissement,75,,,75102000AO0007,,,15,25.24,,,,,,,,,1,2,Appartement,30,2,,,,,,2.348353,48.870335
2025-490211,2025-02-19,000001,Vente,2640125,102,,RUE REAUMUR,8073,75002,75102,Paris 2e Arrondissement,75,,,75102000AN0117,,,172,228.3,,,,,,,,,1,4,Local industriel. commercial ou assimilé,228,0,,,,,,2.348181,48.867538
2025-490324,2025-03-04,000001,Vente,81690,32,,RUE SAINT-SAUVEUR,8752,75002,75102,Paris 2e Arrondissement,75,,,75102000AM0011,,,15,10.2,,,,,,,,,1,2,Appartement,11,1,,,,,,2.347593,48.866415
2025-490333,2025-03-05,000001,Vente,54000,18,,RUE SAINT FIACRE,8609,75002,75102,Paris 2e Arrondissement,75,,,75102000AH0045,,,18,6,,,,,,,,,1,2,Appartement,5,1,,,,,,2.345965,48.870459
2025-490338,2025-03-04,000001,Vente,15000,9,,RUE DE TRACY,9408,75002,75102,Paris 2e Arrondissement,75,,,75102000AP0103,,,5,,,,,,,,,,1,3,Dépendance,,0,,,,,,2.352219,48.86802
2025-490341,2025-03-06,000001,Vente,850000,25,B,RUE DUSSOUBS,3055,75002,75102,Paris 2e Arrondissement,75,,,75102000AM0024,,,60,82.9,,,,,,,,,1,4,Local industriel. commercial ou assimilé,70,0,,,,,,2.348876,48.866271
2025-490354,2025-02-21,000001,Vente,712500,9,,RUE MONSIGNY,6446,75002,75102,Paris 2e Arrondissement,75,,,75102000AD0026,,,10,49.8,,,,,,,,,1,2,Appartement,62,2,,,,,,2.335247,48.868736
2025-490371,2025-03-10,000001,Vente,110000,80,,RUE DE CLERY,2110,75002,75102,Paris 2e Arrondissement,75,,,75102000AO0161,,,20,,,,,,,,,,1,2,Appartement,15,1,,,,,,2.350352,48.869063
2025-490380,2025-03-07,000001,Vente,9655000,7,,RUE LOUIS-LE-GRAND,5792,75002,75102,Paris 2e Arrondissement,75,,,75102000AB0037,,,,,,,,,,,,,0,4,Local industriel. commercial ou assimilé,100,0,S,sols,,,427,2.332186,48.868643
2025-490380,2025-03-07,000001,Vente,9655000,7,,RUE LOUIS-LE-GRAND,5792,75002,75102,Paris 2e Arrondissement,75,,,75102000AB0037,,,,,,,,,,,,,0,4,Local industriel. commercial ou assimilé,242,0,S,sols,,,427,2.332186,48.868643
2025-490380,2025-03-07,000001,Vente,9655000,7,,RUE LOUIS-LE-GRAND,5792,75002,75102,Paris 2e Arrondissement,75,,,75102000AB0037,,,,,,,,,,,,,0,4,Local industriel. commercial ou assimilé,20,0,S,sols,,,427,2.332186,48.868643
2025-490380,2025-03-07,000001,Vente,9655000,7,,RUE LOUIS-LE-GRAND,5792,75002,75102,Paris 2e Arrondissement,75,,,75102000AB0037,,,,,,,,,,,,,0,4,Local industriel. commercial ou assimilé,73,0,S,sols,,,427,2.332186,48.868643
2025-490380,2025-03-07,000001,Vente,9655000,7,,RUE LOUIS-LE-GRAND,5792,75002,75102,Paris 2e Arrondissement,75,,,75102000AB0037,,,,,,,,,,,,,0,4,Local industriel. commercial ou assimilé,234,0,S,sols,,,427,2.332186,48.868643
2025-490380,2025-03-07,000001,Vente,9655000,7,,RUE LOUIS-LE-GRAND,5792,75002,75102,Paris 2e Arrondissement,75,,,75102000AB0037,,,,,,,,,,,,,0,4,Local industriel. commercial ou assimilé,156,0,S,sols,,,427,2.332186,48.868643
2025-490380,2025-03-07,000001,Vente,9655000,7,,RUE LOUIS-LE-GRAND,5792,75002,75102,Paris 2e Arrondissement,75,,,75102000AB0037,,,,,,,,,,,,,0,4,Local industriel. commercial ou assimilé,234,0,S,sols,,,427,2.332186,48.868643
2025-490380,2025-03-07,000001,Vente,9655000,7,,RUE LOUIS-LE-GRAND,5792,75002,75102,Paris 2e Arrondissement,75,,,75102000AB0037,,,,,,,,,,,,,0,4,Local industriel. commercial ou assimilé,233,0,S,sols,,,427,2.332186,48.868643
2025-490380,2025-03-07,000001,Vente,9655000,7,,RUE LOUIS-LE-GRAND,5792,75002,75102,Paris 2e Arrondissement,75,,,75102000AB0037,,,,,,,,,,,,,0,4,Local industriel. commercial ou assimilé,733,0,S,sols,,,427,2.332186,48.868643
2025-490380,2025-03-07,000001,Vente,9655000,7,,RUE LOUIS-LE-GRAND,5792,75002,75102,Paris 2e Arrondissement,75,,,75102000AB0037,,,,,,,,,,,,,0,4,Local industriel. commercial ou assimilé,29,0,S,sols,,,427,2.332186,48.868643
2025-490380,2025-03-07,000001,Vente,9655000,7,,RUE LOUIS-LE-GRAND,5792,75002,75102,Paris 2e Arrondissement,75,,,75102000AB0037,,,,,,,,,,,,,0,4,Local industriel. commercial ou assimilé,10,0,S,sols,,,427,2.332186,48.868643
2025-490485,2025-02-10,000001,Vente,232000,58,,RUE MONTORGUEIL,6520,75002,75102,Paris 2e Arrondissement,75,,,75102000AL0149,,,14,,8,,,,,,,,2,2,Appartement,27,2,,,,,,2.347109,48.864964
2025-490516,2025-02-28,000001,Vente,280000,29,,RUE TIQUETONNE,9318,75002,75102,Paris 2e Arrondissement,75,,,75102000AL0129,,,13,27.85,14,27.85,,,,,,,2,2,Appartement,29,1,,,,,,2.347554,48.864667
2025-490630,2025-03-07,000001,Vente,1022000,228,,RUE SAINT-DENIS,8525,75002,75102,Paris 2e Arrondissement,75,,,75102000AP0067,,,22,,26,130.16,32,,,,,,3,2,Appartement,128,4,,,,,,2.35257,48.868536
2025-490630,2025-03-07,000001,Vente,1022000,228,,RUE SAINT-DENIS,8525,75002,75102,Paris 2e Arrondissement,75,,,75102000AP0067,,,22,,26,130.16,32,,,,,,3,3,Dépendance,,0,,,,,,2.35257,48.868536
2025-490683,2025-02-18,000001,Vente,252000,179,,RUE SAINT-DENIS,8525,75002,75102,Paris 2e Arrondissement,75,,,75102000AM0104,,,21,22.05,24,,32,,,,,,3,2,Appartement,35,2,,,,,,2.350314,48.865592
2025-490684,2025-02-21,000001,Vente,12795.36,2,,RUE MANDAR,5974,75002,75102,Paris 2e Arrondissement,75,,,75102000AK0034,,,54,,,,,,,,,,1,2,Appartement,18,1,,,,,,2.346764,48.865642
2025-490693,2025-03-05,000001,Vente,1406250,144,,RUE SAINT-DENIS,8525,75002,75102,Paris 2e Arrondissement,75,,,75102000AM0094,,,,,,,,,,,,,0,2,Appartement,22,2,S,sols,,,500,2.350828,48.865373
2025-490693,2025-03-05,000001,Vente,1406250,144,,RUE SAINT-DENIS,8525,75002,75102,Paris 2e Arrondissement,75,,,75102000AM0094,,,,,,,,,,,,,0,4,Local industriel. commercial ou assimilé,104,0,S,sols,,,500,2.350828,48.865373
2025-490693,2025-03-05,000001,Vente,1406250,144,,RUE SAINT-DENIS,8525,75002,75102,Paris 2e Arrondissement,75,,,75102000AM0094,,,,,,,,,,,,,0,4,Local industriel. commercial ou assimilé,105,0,S,sols,,,500,2.350828,48.865373
2025-490693,2025-03-05,000001,Vente,1406250,144,,RUE SAINT-DENIS,8525,75002,75102,Paris 2e Arrondissement,75,,,75102000AM0094,,,,,,,,,,,,,0,3,Dépendance,,0,S,sols,,,500,2.350828,48.865373
2025-490693,2025-03-05,000001,Vente,1406250,144,,RUE SAINT-DENIS,8525,75002,75102,Paris 2e Arrondissement,75,,,75102000AM0094,,,,,,,,,,,,,0,3,Dépendance,,0,S,sols,,,500,2.350828,48.865373
2025-490693,2025-03-05,000001,Vente,1406250,144,,RUE SAINT-DENIS,8525,75002,75102,Paris 2e Arrondissement,75,,,75102000AM0094,,,,,,,,,,,,,0,2,Appartement,17,2,S,sols,,,500,2.350828,48.865373
2025-490693,2025-03-05,000001,Vente,1406250,144,,RUE SAINT-DENIS,8525,75002,75102,Paris 2e Arrondissement,75,,,75102000AM0094,,,,,,,,,,,,,0,3,Dépendance,,0,S,sols,,,500,2.350828,48.865373
2025-490693,2025-03-05,000001,Vente,1406250,144,,RUE SAINT-DENIS,8525,75002,75102,Paris 2e Arrondissement,75,,,75102000AM0094,,,,,,,,,,,,,0,2,Appartement,19,2,S,sols,,,500,2.350828,48.865373
2025-490693,2025-03-05,000001,Vente,1406250,144,,RUE SAINT-DENIS,8525,75002,75102,Paris 2e Arrondissement,75,,,75102000AM0094,,,,,,,,,,,,,0,3,Dépendance,,0,S,sols,,,500,2.350828,48.865373
2025-490693,2025-03-05,000001,Vente,1406250,144,,RUE SAINT-DENIS,8525,75002,75102,Paris 2e Arrondissement,75,,,75102000AM0094,,,,,,,,,,,,,0,3,Dépendance,,0,S,sols,,,500,2.350828,48.865373
2025-490693,2025-03-05,000001,Vente,1406250,144,,RUE SAINT-DENIS,8525,75002,75102,Paris 2e Arrondissement,75,,,75102000AM0094,,,,,,,,,,,,,0,3,Dépendance,,0,S,sols,,,500,2.350828,48.865373
2025-490693,2025-03-05,000001,Vente,1406250,144,,RUE SAINT-DENIS,8525,75002,75102,Paris 2e Arrondissement,75,,,75102000AM0094,,,,,,,,,,,,,0,2,Appartement,45,2,S,sols,,,500,2.350828,48.865373
2025-490693,2025-03-05,000001,Vente,1406250,144,,RUE SAINT-DENIS,8525,75002,75102,Paris 2e Arrondissement,75,,,75102000AM0094,,,,,,,,,,,,,0,2,Appartement,36,1,S,sols,,,500,2.350828,48.865373
2025-490693,2025-03-05,000001,Vente,1406250,144,,RUE SAINT-DENIS,8525,75002,75102,Paris 2e Arrondissement,75,,,75102000AM0094,,,,,,,,,,,,,0,3,Dépendance,,0,S,sols,,,500,2.350828,48.865373
2025-490693,2025-03-05,000001,Vente,1406250,144,,RUE SAINT-DENIS,8525,75002,75102,Paris 2e Arrondissement,75,,,75102000AM0094,,,,,,,,,,,,,0,2,Appartement,29,1,S,sols,,,500,2.350828,48.865373
2025-490693,2025-03-05,000001,Vente,1406250,144,,RUE SAINT-DENIS,8525,75002,75102,Paris 2e Arrondissement,75,,,75102000AM0094,,,,,,,,,,,,,0,3,Dépendance,,0,S,sols,,,500,2.350828,48.865373
2025-490693,2025-03-05,000001,Vente,1406250,144,,RUE SAINT-DENIS,8525,75002,75102,Paris 2e Arrondissement,75,,,75102000AM0094,,,,,,,,,,,,,0,2,Appartement,82,3,S,sols,,,500,2.350828,48.865373
2025-490693,2025-03-05,000001,Vente,1406250,144,,RUE SAINT-DENIS,8525,75002,75102,Paris 2e Arrondissement,75,,,75102000AM0094,,,,,,,,,,,,,0,2,Appartement,78,2,S,sols,,,500,2.350828,48.865373
2025-490693,2025-03-05,000001,Vente,1406250,144,,RUE SAINT-DENIS,8525,75002,75102,Paris 2e Arrondissement,75,,,75102000AM0094,,,,,,,,,,,,,0,2,Appartement,31,2,S,sols,,,500,2.350828,48.865373
2025-490693,2025-03-05,000001,Vente,1406250,144,,RUE SAINT-DENIS,8525,75002,75102,Paris 2e Arrondissement,75,,,75102000AM0094,,,,,,,,,,,,,0,2,Appartement,21,2,S,sols,,,500,2.350828,48.865373
2025-490693,2025-03-05,000001,Vente,1406250,144,,RUE SAINT-DENIS,8525,75002,75102,Paris 2e Arrondissement,75,,,75102000AM0094,,,,,,,,,,,,,0,2,Appartement,68,3,S,sols,,,500,2.350828,48.865373
2025-490693,2025-03-05,000001,Vente,1406250,144,,RUE SAINT-DENIS,8525,75002,75102,Paris 2e Arrondissement,75,,,75102000AM0094,,,,,,,,,,,,,0,2,Appartement,68,2,S,sols,,,500,2.350828,48.865373
2025-490693,2025-03-05,000001,Vente,1406250,144,,RUE SAINT-DENIS,8525,75002,75102,Paris 2e Arrondissement,75,,,75102000AM0094,,,,,,,,,,,,,0,2,Appartement,29,2,S,sols,,,500,2.350828,48.865373
2025-490693,2025-03-05,000001,Vente,1406250,144,,RUE SAINT-DENIS,8525,75002,75102,Paris 2e Arrondissement,75,,,75102000AM0094,,,,,,,,,,,,,0,2,Appartement,49,1,S,sols,,,500,2.350828,48.865373
2025-490693,2025-03-05,000001,Vente,1406250,144,,RUE SAINT-DENIS,8525,75002,75102,Paris 2e Arrondissement,75,,,75102000AM0094,,,,,,,,,,,,,0,2,Appartement,36,1,S,sols,,,500,2.350828,48.865373
2025-490693,2025-03-05,000001,Vente,1406250,144,,RUE SAINT-DENIS,8525,75002,75102,Paris 2e Arrondissement,75,,,75102000AM0094,,,,,,,,,,,,,0,4,Local industriel. commercial ou assimilé,98,0,S,sols,,,500,2.350828,48.865373
2025-490693,2025-03-05,000001,Vente,1406250,144,,RUE SAINT-DENIS,8525,75002,75102,Paris 2e Arrondissement,75,,,75102000AM0094,,,,,,,,,,,,,0,4,Local industriel. commercial ou assimilé,130,0,S,sols,,,500,2.350828,48.865373
2025-490693,2025-03-05,000001,Vente,1406250,144,,RUE SAINT-DENIS,8525,75002,75102,Paris 2e Arrondissement,75,,,75102000AM0094,,,,,,,,,,,,,0,2,Appartement,47,1,S,sols,,,500,2.350828,48.865373
2025-490693,2025-03-05,000001,Vente,1406250,144,,RUE SAINT-DENIS,8525,75002,75102,Paris 2e Arrondissement,75,,,75102000AM0094,,,,,,,,,,,,,0,2,Appartement,55,3,S,sols,,,500,2.350828,48.865373
2025-490693,2025-03-05,000001,Vente,1406250,144,,RUE SAINT-DENIS,8525,75002,75102,Paris 2e Arrondissement,75,,,75102000AM0094,,,,,,,,,,,,,0,4,Local industriel. commercial ou assimilé,130,0,S,sols,,,500,2.350828,48.865373
2025-490693,2025-03-05,000001,Vente,1406250,144,,RUE SAINT-DENIS,8525,75002,75102,Paris 2e Arrondissement,75,,,75102000AM0094,,,,,,,,,,,,,0,4,Local industriel. commercial ou assimilé,65,0,S,sols,,,500,2.350828,48.865373
2025-490693,2025-03-05,000001,Vente,1406250,144,,RUE SAINT-DENIS,8525,75002,75102,Paris 2e Arrondissement,75,,,75102000AM0094,,,,,,,,,,,,,0,2,Appartement,20,1,S,sols,,,500,2.350828,48.865373
2025-490693,2025-03-05,000001,Vente,1406250,144,,RUE SAINT-DENIS,8525,75002,75102,Paris 2e Arrondissement,75,,,75102000AM0094,,,,,,,,,,,,,0,2,Appartement,45,2,S,sols,,,500,2.350828,48.865373
2025-490695,2025-03-05,000001,Vente,2812500,144,,RUE SAINT-DENIS,8525,75002,75102,Paris 2e Arrondissement,75,,,75102000AM0094,,,,,,,,,,,,,0,4,Local industriel. commercial ou assimilé,98,0,S,sols,,,500,2.350828,48.865373
2025-490695,2025-03-05,000001,Vente,2812500,144,,RUE SAINT-DENIS,8525,75002,75102,Paris 2e Arrondissement,75,,,75102000AM0094,,,,,,,,,,,,,0,4,Local industriel. commercial ou assimilé,65,0,S,sols,,,500,2.350828,48.865373
2025-490695,2025-03-05,000001,Vente,2812500,144,,RUE SAINT-DENIS,8525,75002,75102,Paris 2e Arrondissement,75,,,75102000AM0094,,,,,,,,,,,,,0,2,Appartement,45,2,S,sols,,,500,2.350828,48.865373
2025-490695,2025-03-05,000001,Vente,2812500,144,,RUE SAINT-DENIS,8525,75002,75102,Paris 2e Arrondissement,75,,,75102000AM0094,,,,,,,,,,,,,0,4,Local industriel. commercial ou assimilé,130,0,S,sols,,,500,2.350828,48.865373
2025-490695,2025-03-05,000001,Vente,2812500,144,,RUE SAINT-DENIS,8525,75002,75102,Paris 2e Arrondissement,75,,,75102000AM0094,,,,,,,,,,,,,0,4,Local industriel. commercial ou assimilé,130,0,S,sols,,,500,2.350828,48.865373
2025-490695,2025-03-05,000001,Vente,2812500,144,,RUE SAINT-DENIS,8525,75002,75102,Paris 2e Arrondissement,75,,,75102000AM0094,,,,,,,,,,,,,0,2,Appartement,49,1,S,sols,,,500,2.350828,48.865373
2025-490695,2025-03-05,000001,Vente,2812500,144,,RUE SAINT-DENIS,8525,75002,75102,Paris 2e Arrondissement,75,,,75102000AM0094,,,,,,,,,,,,,0,2,Appartement,82,3,S,sols,,,500,2.350828,48.865373
2025-490695,2025-03-05,000001,Vente,2812500,144,,RUE SAINT-DENIS,8525,75002,75102,Paris 2e Arrondissement,75,,,75102000AM0094,,,,,,,,,,,,,0,2,Appartement,36,1,S,sols,,,500,2.350828,48.865373
2025-490695,2025-03-05,000001,Vente,2812500,144,,RUE SAINT-DENIS,8525,75002,75102,Paris 2e Arrondissement,75,,,75102000AM0094,,,,,,,,,,,,,0,2,Appartement,55,3,S,sols,,,500,2.350828,48.865373
2025-490695,2025-03-05,000001,Vente,2812500,144,,RUE SAINT-DENIS,8525,75002,75102,Paris 2e Arrondissement,75,,,75102000AM0094,,,,,,,,,,,,,0,2,Appartement,47,1,S,sols,,,500,2.350828,48.865373
2025-490695,2025-03-05,000001,Vente,2812500,144,,RUE SAINT-DENIS,8525,75002,75102,Paris 2e Arrondissement,75,,,75102000AM0094,,,,,,,,,,,,,0,2,Appartement,20,1,S,sols,,,500,2.350828,48.865373
2025-490695,2025-03-05,000001,Vente,2812500,144,,RUE SAINT-DENIS,8525,75002,75102,Paris 2e Arrondissement,75,,,75102000AM0094,,,,,,,,,,,,,0,2,Appartement,29,1,S,sols,,,500,2.350828,48.865373
2025-490695,2025-03-05,000001,Vente,2812500,144,,RUE SAINT-DENIS,8525,75002,75102,Paris 2e Arrondissement,75,,,75102000AM0094,,,,,,,,,,,,,0,2,Appartement,36,1,S,sols,,,500,2.350828,48.865373
2025-490695,2025-03-05,000001,Vente,2812500,144,,RUE SAINT-DENIS,8525,75002,75102,Paris 2e Arrondissement,75,,,75102000AM0094,,,,,,,,,,,,,0,2,Appartement,45,2,S,sols,,,500,2.350828,48.865373
2025-490695,2025-03-05,000001,Vente,2812500,144,,RUE SAINT-DENIS,8525,75002,75102,Paris 2e Arrondissement,75,,,75102000AM0094,,,,,,,,,,,,,0,3,Dépendance,,0,S,sols,,,500,2.350828,48.865373
2025-490695,2025-03-05,000001,Vente,2812500,144,,RUE SAINT-DENIS,8525,75002,75102,Paris 2e Arrondissement,75,,,75102000AM0094,,,,,,,,,,,,,0,3,Dépendance,,0,S,sols,,,500,2.350828,48.865373
2025-490695,2025-03-05,000001,Vente,2812500,144,,RUE SAINT-DENIS,8525,75002,75102,Paris 2e Arrondissement,75,,,75102000AM0094,,,,,,,,,,,,,0,3,Dépendance,,0,S,sols,,,500,2.350828,48.865373
2025-490695,2025-03-05,000001,Vente,2812500,144,,RUE SAINT-DENIS,8525,75002,75102,Paris 2e Arrondissement,75,,,75102000AM0094,,,,,,,,,,,,,0,2,Appartement,17,2,S,sols,,,500,2.350828,48.865373
2025-490695,2025-03-05,000001,Vente,2812500,144,,RUE SAINT-DENIS,8525,75002,75102,Paris 2e Arrondissement,75,,,75102000AM0094,,,,,,,,,,,,,0,3,Dépendance,,0,S,sols,,,500,2.350828,48.865373
2025-490695,2025-03-05,000001,Vente,2812500,144,,RUE SAINT-DENIS,8525,75002,75102,Paris 2e Arrondissement,75,,,75102000AM0094,,,,,,,,,,,,,0,2,Appartement,19,2,S,sols,,,500,2.350828,48.865373
2025-490695,2025-03-05,000001,Vente,2812500,144,,RUE SAINT-DENIS,8525,75002,75102,Paris 2e Arrondissement,75,,,75102000AM0094,,,,,,,,,,,,,0,3,Dépendance,,0,S,sols,,,500,2.350828,48.865373
2025-490695,2025-03-05,000001,Vente,2812500,144,,RUE SAINT-DENIS,8525,75002,75102,Paris 2e Arrondissement,75,,,75102000AM0094,,,,,,,,,,,,,0,3,Dépendance,,0,S,sols,,,500,2.350828,48.865373
2025-490695,2025-03-05,000001,Vente,2812500,144,,RUE SAINT-DENIS,8525,75002,75102,Paris 2e Arrondissement,75,,,75102000AM0094,,,,,,,,,,,,,0,3,Dépendance,,0,S,sols,,,500,2.350828,48.865373
2025-490695,2025-03-05,000001,Vente,2812500,144,,RUE SAINT-DENIS,8525,75002,75102,Paris 2e Arrondissement,75,,,75102000AM0094,,,,,,,,,,,,,0,4,Local industriel. commercial ou assimilé,105,0,S,sols,,,500,2.350828,48.865373
2025-490695,2025-03-05,000001,Vente,2812500,144,,RUE SAINT-DENIS,8525,75002,75102,Paris 2e Arrondissement,75,,,75102000AM0094,,,,,,,,,,,,,0,4,Local industriel. commercial ou assimilé,104,0,S,sols,,,500,2.350828,48.865373
2025-490695,2025-03-05,000001,Vente,2812500,144,,RUE SAINT-DENIS,8525,75002,75102,Paris 2e Arrondissement,75,,,75102000AM0094,,,,,,,,,,,,,0,2,Appartement,22,2,S,sols,,,500,2.350828,48.865373
2025-490695,2025-03-05,000001,Vente,2812500,144,,RUE SAINT-DENIS,8525,75002,75102,Paris 2e Arrondissement,75,,,75102000AM0094,,,,,,,,,,,,,0,2,Appartement,29,2,S,sols,,,500,2.350828,48.865373
2025-490695,2025-03-05,000001,Vente,2812500,144,,RUE SAINT-DENIS,8525,75002,75102,Paris 2e Arrondissement,75,,,75102000AM0094,,,,,,,,,,,,,0,2,Appartement,68,2,S,sols,,,500,2.350828,48.865373
2025-490695,2025-03-05,000001,Vente,2812500,144,,RUE SAINT-DENIS,8525,75002,75102,Paris 2e Arrondissement,75,,,75102000AM0094,,,,,,,,,,,,,0,2,Appartement,68,3,S,sols,,,500,2.350828,48.865373
2025-490695,2025-03-05,000001,Vente,2812500,144,,RUE SAINT-DENIS,8525,75002,75102,Paris 2e Arrondissement,75,,,75102000AM0094,,,,,,,,,,,,,0,2,Appartement,21,2,S,sols,,,500,2.350828,48.865373
2025-490695,2025-03-05,000001,Vente,2812500,144,,RUE SAINT-DENIS,8525,75002,75102,Paris 2e Arrondissement,75,,,75102000AM0094,,,,,,,,,,,,,0,2,Appartement,31,2,S,sols,,,500,2.350828,48.865373
2025-490695,2025-03-05,000001,Vente,2812500,144,,RUE SAINT-DENIS,8525,75002,75102,Paris 2e Arrondissement,75,,,75102000AM0094,,,,,,,,,,,,,0,2,Appartement,78,2,S,sols,,,500,2.350828,48.865373
2025-490695,2025-03-05,000001,Vente,2812500,144,,RUE SAINT-DENIS,8525,75002,75102,Paris 2e Arrondissement,75,,,75102000AM0094,,,,,,,,,,,,,0,3,Dépendance,,0,S,sols,,,500,2.350828,48.865373
2025-490715,2025-03-04,000001,Vente,611000,55,,RUE GRENETA,4318,75002,75102,Paris 2e Arrondissement,75,,,75102000AL0016,,,2,55.04,,,,,,,,,1,3,Dépendance,,0,,,,,,2.347945,48.865299
2025-490715,2025-03-04,000001,Vente,611000,55,,RUE GRENETA,4318,75002,75102,Paris 2e Arrondissement,75,,,75102000AL0016,,,2,55.04,,,,,,,,,1,2,Appartement,55,2,,,,,,2.347945,48.865299
2025-490796,2025-02-27,000001,Vente,100,62,,RUE MONTMARTRE,6513,75002,75102,Paris 2e Arrondissement,75,,,75102000AK0044,,,57,,,,,,,,,,1,2,Appartement,50,3,,,,,,2.345258,48.865574
2025-490828,2025-03-19,000001,Vente,400000,51,B,RUE SAINTE-ANNE,8534,75002,75102,Paris 2e Arrondissement,75,,,75102000AD0112,,,1,63.05,,,,,,,,,1,4,Local industriel. commercial ou assimilé,60,0,,,,,,2.335828,48.867557
2025-490833,2025-02-27,000001,Vente,725000,18,,RUE DES CAPUCINES,1525,75002,75102,Paris 2e Arrondissement,75,,,75102000AB0007,,,21,,31,,,,,,,,2,3,Dépendance,,0,,,,,,2.329201,48.869321
2025-490833,2025-02-27,000001,Vente,725000,18,,RUE DES CAPUCINES,1525,75002,75102,Paris 2e Arrondissement,75,,,75102000AB0007,,,21,,31,,,,,,,,2,2,Appartement,60,2,,,,,,2.329201,48.869321
2025-490862,2025-03-04,000001,Vente,798704.44,23,,BD DES CAPUCINES,1524,75002,75102,Paris 2e Arrondissement,75,,,75102000AB0023,,,24,,4,280.26,,,,,,,2,4,Local industriel. commercial ou assimilé,285,0,,,,,,2.331285,48.870191
2025-490902,2025-03-04,000001,Vente,3500000,23,,BD DES CAPUCINES,1524,75002,75102,Paris 2e Arrondissement,75,,,75102000AB0023,,,24,,4,,,,,,,,2,4,Local industriel. commercial ou assimilé,285,0,,,,,,2.331285,48.870191
2025-490961,2025-03-13,000001,Vente,170500,37,,RUE DE PALESTRO,7018,75002,75102,Paris 2e Arrondissement,75,,,75102000AN0068,,,106,17.03,,,,,,,,,1,2,Appartement,18,1,,,,,,2.352039,48.8669
2025-490974,2025-03-04,000001,Vente,48000,69,,RUE DE RICHELIEU,8212,75002,75102,Paris 2e Arrondissement,75,,,75102000AE0042,,,20,,21,,40,,,,,,3,3,Dépendance,,0,,,,,,2.337572,48.867594
2025-491011,2025-03-17,000001,Vente,119001,48,,RUE GRENETA,4318,75002,75102,Paris 2e Arrondissement,75,,,75102000AM0137,,,48,8.27,,,,,,,,,1,3,Dépendance,,0,,,,,,2.348362,48.865725
2025-491026,2025-03-20,000001,Vente,409400,37,,RUE GRENETA,4318,75002,75102,Paris 2e Arrondissement,75,,,75102000AL0029,,,13,32.61,35,,,,,,,,2,3,Dépendance,,0,,,,,,2.349757,48.865129
2025-491026,2025-03-20,000001,Vente,409400,37,,RUE GRENETA,4318,75002,75102,Paris 2e Arrondissement,75,,,75102000AL0029,,,13,32.61,35,,,,,,,,2,2,Appartement,35,1,,,,,,2.349757,48.865129
2025-491081,2025-03-11,000001,Vente,380000,21,,BD DE BONNE NOUVELLE,1097,75002,75102,Paris 2e Arrondissement,75,,,75102000AO0018,,,18,,,,,,,,,,1,4,Local industriel. commercial ou assimilé,70,0,,,,,,2.349929,48.870054
2025-491191,2025-03-05,000001,Vente,6250000,144,,RUE SAINT-DENIS,8525,75002,75102,Paris 2e Arrondissement,75,,,75102000AM0094,,,,,,,,,,,,,0,2,Appartement,78,2,S,sols,,,500,2.350828,48.865373
2025-491191,2025-03-05,000001,Vente,6250000,144,,RUE SAINT-DENIS,8525,75002,75102,Paris 2e Arrondissement,75,,,75102000AM0094,,,,,,,,,,,,,0,2,Appartement,82,3,S,sols,,,500,2.350828,48.865373
2025-491191,2025-03-05,000001,Vente,6250000,144,,RUE SAINT-DENIS,8525,75002,75102,Paris 2e Arrondissement,75,,,75102000AM0094,,,,,,,,,,,,,0,3,Dépendance,,0,S,sols,,,500,2.350828,48.865373
2025-491191,2025-03-05,000001,Vente,6250000,144,,RUE SAINT-DENIS,8525,75002,75102,Paris 2e Arrondissement,75,,,75102000AM0094,,,,,,,,,,,,,0,2,Appartement,45,2,S,sols,,,500,2.350828,48.865373
2025-491191,2025-03-05,000001,Vente,6250000,144,,RUE SAINT-DENIS,8525,75002,75102,Paris 2e Arrondissement,75,,,75102000AM0094,,,,,,,,,,,,,0,2,Appartement,36,1,S,sols,,,500,2.350828,48.865373
2025-491191,2025-03-05,000001,Vente,6250000,144,,RUE SAINT-DENIS,8525,75002,75102,Paris 2e Arrondissement,75,,,75102000AM0094,,,,,,,,,,,,,0,2,Appartement,19,2,S,sols,,,500,2.350828,48.865373
2025-491191,2025-03-05,000001,Vente,6250000,144,,RUE SAINT-DENIS,8525,75002,75102,Paris 2e Arrondissement,75,,,75102000AM0094,,,,,,,,,,,,,0,3,Dépendance,,0,S,sols,,,500,2.350828,48.865373
2025-491191,2025-03-05,000001,Vente,6250000,144,,RUE SAINT-DENIS,8525,75002,75102,Paris 2e Arrondissement,75,,,75102000AM0094,,,,,,,,,,,,,0,3,Dépendance,,0,S,sols,,,500,2.350828,48.865373
2025-491191,2025-03-05,000001,Vente,6250000,144,,RUE SAINT-DENIS,8525,75002,75102,Paris 2e Arrondissement,75,,,75102000AM0094,,,,,,,,,,,,,0,4,Local industriel. commercial ou assimilé,105,0,S,sols,,,500,2.350828,48.865373
2025-491191,2025-03-05,000001,Vente,6250000,144,,RUE SAINT-DENIS,8525,75002,75102,Paris 2e Arrondissement,75,,,75102000AM0094,,,,,,,,,,,,,0,4,Local industriel. commercial ou assimilé,104,0,S,sols,,,500,2.350828,48.865373
2025-491191,2025-03-05,000001,Vente,6250000,144,,RUE SAINT-DENIS,8525,75002,75102,Paris 2e Arrondissement,75,,,75102000AM0094,,,,,,,,,,,,,0,2,Appartement,22,2,S,sols,,,500,2.350828,48.865373
2025-491191,2025-03-05,000001,Vente,6250000,144,,RUE SAINT-DENIS,8525,75002,75102,Paris 2e Arrondissement,75,,,75102000AM0094,,,,,,,,,,,,,0,2,Appartement,29,2,S,sols,,,500,2.350828,48.865373
2025-491191,2025-03-05,000001,Vente,6250000,144,,RUE SAINT-DENIS,8525,75002,75102,Paris 2e Arrondissement,75,,,75102000AM0094,,,,,,,,,,,,,0,2,Appartement,68,2,S,sols,,,500,2.350828,48.865373
2025-491191,2025-03-05,000001,Vente,6250000,144,,RUE SAINT-DENIS,8525,75002,75102,Paris 2e Arrondissement,75,,,75102000AM0094,,,,,,,,,,,,,0,2,Appartement,68,3,S,sols,,,500,2.350828,48.865373
2025-491191,2025-03-05,000001,Vente,6250000,144,,RUE SAINT-DENIS,8525,75002,75102,Paris 2e Arrondissement,75,,,75102000AM0094,,,,,,,,,,,,,0,3,Dépendance,,0,S,sols,,,500,2.350828,48.865373
2025-491191,2025-03-05,000001,Vente,6250000,144,,RUE SAINT-DENIS,8525,75002,75102,Paris 2e Arrondissement,75,,,75102000AM0094,,,,,,,,,,,,,0,2,Appartement,21,2,S,sols,,,500,2.350828,48.865373
2025-491191,2025-03-05,000001,Vente,6250000,144,,RUE SAINT-DENIS,8525,75002,75102,Paris 2e Arrondissement,75,,,75102000AM0094,,,,,,,,,,,,,0,2,Appartement,31,2,S,sols,,,500,2.350828,48.865373
2025-491191,2025-03-05,000001,Vente,6250000,144,,RUE SAINT-DENIS,8525,75002,75102,Paris 2e Arrondissement,75,,,75102000AM0094,,,,,,,,,,,,,0,2,Appartement,36,1,S,sols,,,500,2.350828,48.865373
2025-491191,2025-03-05,000001,Vente,6250000,144,,RUE SAINT-DENIS,8525,75002,75102,Paris 2e Arrondissement,75,,,75102000AM0094,,,,,,,,,,,,,0,2,Appartement,45,2,S,sols,,,500,2.350828,48.865373
2025-491191,2025-03-05,000001,Vente,6250000,144,,RUE SAINT-DENIS,8525,75002,75102,Paris 2e Arrondissement,75,,,75102000AM0094,,,,,,,,,,,,,0,3,Dépendance,,0,S,sols,,,500,2.350828,48.865373
2025-491191,2025-03-05,000001,Vente,6250000,144,,RUE SAINT-DENIS,8525,75002,75102,Paris 2e Arrondissement,75,,,75102000AM0094,,,,,,,,,,,,,0,3,Dépendance,,0,S,sols,,,500,2.350828,48.865373
2025-491191,2025-03-05,000001,Vente,6250000,144,,RUE SAINT-DENIS,8525,75002,75102,Paris 2e Arrondissement,75,,,75102000AM0094,,,,,,,,,,,,,0,3,Dépendance,,0,S,sols,,,500,2.350828,48.865373
2025-491191,2025-03-05,000001,Vente,6250000,144,,RUE SAINT-DENIS,8525,75002,75102,Paris 2e Arrondissement,75,,,75102000AM0094,,,,,,,,,,,,,0,2,Appartement,17,2,S,sols,,,500,2.350828,48.865373
2025-491191,2025-03-05,000001,Vente,6250000,144,,RUE SAINT-DENIS,8525,75002,75102,Paris 2e Arrondissement,75,,,75102000AM0094,,,,,,,,,,,,,0,3,Dépendance,,0,S,sols,,,500,2.350828,48.865373
2025-491191,2025-03-05,000001,Vente,6250000,144,,RUE SAINT-DENIS,8525,75002,75102,Paris 2e Arrondissement,75,,,75102000AM0094,,,,,,,,,,,,,0,2,Appartement,55,3,S,sols,,,500,2.350828,48.865373
2025-491191,2025-03-05,000001,Vente,6250000,144,,RUE SAINT-DENIS,8525,75002,75102,Paris 2e Arrondissement,75,,,75102000AM0094,,,,,,,,,,,,,0,2,Appartement,47,1,S,sols,,,500,2.350828,48.865373
2025-491191,2025-03-05,000001,Vente,6250000,144,,RUE SAINT-DENIS,8525,75002,75102,Paris 2e Arrondissement,75,,,75102000AM0094,,,,,,,,,,,,,0,2,Appartement,20,1,S,sols,,,500,2.350828,48.865373
2025-491191,2025-03-05,000001,Vente,6250000,144,,RUE SAINT-DENIS,8525,75002,75102,Paris 2e Arrondissement,75,,,75102000AM0094,,,,,,,,,,,,,0,2,Appartement,29,1,S,sols,,,500,2.350828,48.865373
2025-491191,2025-03-05,000001,Vente,6250000,144,,RUE SAINT-DENIS,8525,75002,75102,Paris 2e Arrondissement,75,,,75102000AM0094,,,,,,,,,,,,,0,4,Local industriel. commercial ou assimilé,130,0,S,sols,,,500,2.350828,48.865373
2025-491191,2025-03-05,000001,Vente,6250000,144,,RUE SAINT-DENIS,8525,75002,75102,Paris 2e Arrondissement,75,,,75102000AM0094,,,,,,,,,,,,,0,4,Local industriel. commercial ou assimilé,98,0,S,sols,,,500,2.350828,48.865373
2025-491191,2025-03-05,000001,Vente,6250000,144,,RUE SAINT-DENIS,8525,75002,75102,Paris 2e Arrondissement,75,,,75102000AM0094,,,,,,,,,,,,,0,2,Appartement,49,1,S,sols,,,500,2.350828,48.865373
2025-491191,2025-03-05,000001,Vente,6250000,144,,RUE SAINT-DENIS,8525,75002,75102,Paris 2e Arrondissement,75,,,75102000AM0094,,,,,,,,,,,,,0,4,Local industriel. commercial ou assimilé,65,0,S,sols,,,500,2.350828,48.865373
2025-491191,2025-03-05,000001,Vente,6250000,144,,RUE SAINT-DENIS,8525,75002,75102,Paris 2e Arrondissement,75,,,75102000AM0094,,,,,,,,,,,,,0,4,Local industriel. commercial ou assimilé,130,0,S,sols,,,500,2.350828,48.865373
2025-491205,2025-03-10,000001,Vente,430000,95,,RUE D ABOUKIR,0040,75002,75102,Paris 2e Arrondissement,75,,,75102000AO0186,,,9,38.54,,,,,,,,,1,2,Appartement,37,3,,,,,,2.348485,48.868345
2025-491284,2025-03-19,000001,Vente,270000,85,,RUE MONTMARTRE,6513,75002,75102,Paris 2e Arrondissement,75,,,75102000AJ0148,,,36,24.77,,,,,,,,,1,2,Appartement,28,2,,,,,,2.343595,48.867575
2025-491284,2025-03-19,000001,Vente,270000,85,,RUE MONTMARTRE,6513,75002,75102,Paris 2e Arrondissement,75,,,75102000AJ0148,,,36,24.77,,,,,,,,,1,3,Dépendance,,0,,,,,,2.343595,48.867575
2025-491284,2025-03-19,000001,Vente,270000,85,,RUE MONTMARTRE,6513,75002,75102,Paris 2e Arrondissement,75,,,75102000AJ0148,,,36,24.77,,,,,,,,,1,3,Dépendance,,0,,,,,,2.343595,48.867575
2025-491285,2025-03-05,000001,Vente,960000,51,,RUE SAINT-SAUVEUR,8752,75002,75102,Paris 2e Arrondissement,75,,,75102000AM0152,,,18,,4,,,,,,,,2,2,Appartement,90,3,,,,,,2.347621,48.866069
2025-491285,2025-03-05,000001,Vente,960000,51,,RUE SAINT-SAUVEUR,8752,75002,75102,Paris 2e Arrondissement,75,,,75102000AM0152,,,18,,4,,,,,,,,2,3,Dépendance,,0,,,,,,2.347621,48.866069
2025-491298,2025-03-14,000001,Vente,738750,38,,RUE ETIENNE MARCEL,3392,75002,75102,Paris 2e Arrondissement,75,,,75102000AK0072,,,16,57.68,25,,,,,,,,2,3,Dépendance,,0,,,,,,2.344546,48.865186
2025-491298,2025-03-14,000001,Vente,738750,38,,RUE ETIENNE MARCEL,3392,75002,75102,Paris 2e Arrondissement,75,,,75102000AK0072,,,16,57.68,25,,,,,,,,2,2,Appartement,52,3,,,,,,2.344546,48.865186
2025-491300,2025-03-27,000001,Vente,580000,13,,RUE MANDAR,5974,75002,75102,Paris 2e Arrondissement,75,,,75102000AK0041,,,6,48.19,,,,,,,,,1,2,Appartement,48,3,,,,,,2.344977,48.865697
2025-491379,2025-03-21,000001,Vente,105000,51,B,RUE SAINTE-ANNE,8534,75002,75102,Paris 2e Arrondissement,75,,,75102000AD0112,,,12,14.75,,,,,,,,,1,2,Appartement,13,1,,,,,,2.335828,48.867557
2025-491381,2025-03-06,000001,Vente,459000,17,,BD MONTMARTRE,6510,75002,75102,Paris 2e Arrondissement,75,,,75102000AG0052,,,19,38.19,,,,,,,,,1,4,Local industriel. commercial ou assimilé,138,0,,,,,,2.340741,48.871594
2025-491381,2025-03-06,000001,Vente,459000,17,,BD MONTMARTRE,6510,75002,75102,Paris 2e Arrondissement,75,,,75102000AG0052,,,159,,,,,,,,,,1,3,Dépendance,,0,,,,,,2.340741,48.871594
2025-491405,2025-03-06,000001,Vente,515000,17,,BD MONTMARTRE,6510,75002,75102,Paris 2e Arrondissement,75,,,75102000AG0052,,,153,,18,42.94,,,,,,,2,4,Local industriel. commercial ou assimilé,138,0,,,,,,2.340741,48.871594
2025-491446,2025-03-20,000001,Vente,113000,136,,RUE MONTMARTRE,6513,75002,75102,Paris 2e Arrondissement,75,,,75102000AI0024,,,36,12.08,59,,,,,,,,2,2,Appartement,13,1,,,,,,2.343697,48.868522
2025-491520,2025-03-27,000001,Vente,1601905,24,,RUE DU QUATRE SEPTEMBRE,7930,75002,75102,Paris 2e Arrondissement,75,,,75102000AC0016,,,16,138.23,,,,,,,,,1,2,Appartement,127,5,,,,,,2.335042,48.870003
2025-491520,2025-03-27,000001,Vente,1601905,24,,RUE DU QUATRE SEPTEMBRE,7930,75002,75102,Paris 2e Arrondissement,75,,,75102000AC0016,,,16,138.23,,,,,,,,,1,3,Dépendance,,0,,,,,,2.335042,48.870003
2025-491542,2025-03-28,000001,Vente,1380000,13,,RUE D ALEXANDRIE,0166,75002,75102,Paris 2e Arrondissement,75,,,75102000AN0013,,,10,113.02,,,,,,,,,1,2,Appartement,93,3,,,,,,2.350247,48.868052
2025-491542,2025-03-28,000001,Vente,1380000,13,,RUE D ALEXANDRIE,0166,75002,75102,Paris 2e Arrondissement,75,,,75102000AN0013,,,59,,,,,,,,,,1,3,Dépendance,,0,,,,,,2.350247,48.868052
2025-491554,2025-03-06,000001,Vente,1232800,208,,RUE SAINT-DENIS,8525,75002,75102,Paris 2e Arrondissement,75,,,75102000AP0094,,,23,,5,87.3,,,,,,,2,2,Appartement,87,4,,,,,,2.351909,48.86752
2025-491554,2025-03-06,000001,Vente,1232800,208,,RUE SAINT-DENIS,8525,75002,75102,Paris 2e Arrondissement,75,,,75102000AP0094,,,23,,5,87.3,,,,,,,2,3,Dépendance,,0,,,,,,2.351909,48.86752
2025-491564,2025-03-26,000001,Vente,755000,37,,RUE MONTMARTRE,6513,75002,75102,Paris 2e Arrondissement,75,,,75102000AK0075,,,1,155.49,2,,,,,,,,2,4,Local industriel. commercial ou assimilé,80,0,,,,,,2.344653,48.865306
2025-491564,2025-03-26,000001,Vente,755000,37,,RUE MONTMARTRE,6513,75002,75102,Paris 2e Arrondissement,75,,,75102000AK0075,,,3,,,,,,,,,,1,2,Appartement,28,2,,,,,,2.344653,48.865306
2025-491594,2025-04-01,000001,Vente,90000000,1,,RUE BRONGNIART,1317,75002,75102,Paris 2e Arrondissement,75,,,75102000AI0004,,,,,,,,,,,,,0,,,,,S,sols,,,383,2.342651,48.869603
2025-491594,2025-04-01,000001,Vente,90000000,48,,RUE NOTRE-DAME DES VICTOIRES,6840,75002,75102,Paris 2e Arrondissement,75,,,75102000AI0005,,,,,,,,,,,,,0,4,Local industriel. commercial ou assimilé,790,0,S,sols,,,743,2.342634,48.869425
2025-491594,2025-04-01,000001,Vente,90000000,48,,RUE NOTRE-DAME DES VICTOIRES,6840,75002,75102,Paris 2e Arrondissement,75,,,75102000AI0005,,,,,,,,,,,,,0,4,Local industriel. commercial ou assimilé,494,0,S,sols,,,743,2.342634,48.869425
2025-491594,2025-04-01,000001,Vente,90000000,48,,RUE NOTRE-DAME DES VICTOIRES,6840,75002,75102,Paris 2e Arrondissement,75,,,75102000AI0005,,,,,,,,,,,,,0,4,Local industriel. commercial ou assimilé,2923,0,S,sols,,,743,2.342634,48.869425
2025-491594,2025-04-01,000001,Vente,90000000,48,,RUE NOTRE-DAME DES VICTOIRES,6840,75002,75102,Paris 2e Arrondissement,75,,,75102000AI0005,,,,,,,,,,,,,0,4,Local industriel. commercial ou assimilé,,0,S,sols,,,743,2.342634,48.869425
2025-491594,2025-04-01,000001,Vente,90000000,48,,RUE NOTRE-DAME DES VICTOIRES,6840,75002,75102,Paris 2e Arrondissement,75,,,75102000AI0005,,,,,,,,,,,,,0,4,Local industriel. commercial ou assimilé,344,0,S,sols,,,743,2.342634,48.869425
2025-491594,2025-04-01,000001,Vente,90000000,48,,RUE NOTRE-DAME DES VICTOIRES,6840,75002,75102,Paris 2e Arrondissement,75,,,75102000AI0005,,,,,,,,,,,,,0,4,Local industriel. commercial ou assimilé,208,0,S,sols,,,743,2.342634,48.869425
2025-491594,2025-04-01,000001,Vente,90000000,48,,RUE NOTRE-DAME DES VICTOIRES,6840,75002,75102,Paris 2e Arrondissement,75,,,75102000AI0005,,,,,,,,,,,,,0,4,Local industriel. commercial ou assimilé,294,0,S,sols,,,743,2.342634,48.869425
2025-491594,2025-04-01,000001,Vente,90000000,48,,RUE NOTRE-DAME DES VICTOIRES,6840,75002,75102,Paris 2e Arrondissement,75,,,75102000AI0005,,,,,,,,,,,,,0,4,Local industriel. commercial ou assimilé,710,0,S,sols,,,743,2.342634,48.869425
2025-491611,2025-03-27,000001,Vente,180000,123,,RUE D ABOUKIR,0040,75002,75102,Paris 2e Arrondissement,75,,,75102000AO0162,,,113,23.81,,,,,,,,,1,2,Appartement,22,2,,,,,,2.350353,48.868914
2025-491696,2025-03-20,000001,Vente,399100,187,,RUE SAINT-DENIS,8525,75002,75102,Paris 2e Arrondissement,75,,,75102000AM0042,,,155,,156,,,,,,,,2,2,Appartement,30,2,,,,,,2.350199,48.866175
2025-491717,2025-03-31,000001,Vente,78000,130,,RUE D ABOUKIR,0040,75002,75102,Paris 2e Arrondissement,75,,,75102000AP0012,,,11,,,,,,,,,,1,2,Appartement,9,1,,,,,,2.351392,48.868942
2025-491727,2025-03-13,000001,Vente,901650,11,,RUE MARIE STUART,6084,75002,75102,Paris 2e Arrondissement,75,,,75102000AL0140,,,11,63.8,,,,,,,,,1,2,Appartement,62,3,,,,,,2.347628,48.864929
2025-491742,2025-03-27,000001,Vente,300000,141,,RUE SAINT-DENIS,8525,75002,75102,Paris 2e Arrondissement,75,,,75102000AL0053,,,6,22.13,,,,,,,,,1,2,Appartement,22,1,,,,,,2.34979,48.864588
2025-491754,2025-03-24,000001,Echange,500,34,,RUE GRENETA,4318,75002,75102,Paris 2e Arrondissement,75,,,75102000AM0171,,,1110,,,,,,,,,,1,3,Dépendance,,0,,,,,,2.349296,48.865631
2025-491754,2025-03-24,000001,Echange,500,34,,RUE GRENETA,4318,75002,75102,Paris 2e Arrondissement,75,,,75102000AM0171,,,1110,,,,,,,,,,1,2,Appartement,96,4,,,,,,2.349296,48.865631
2025-491754,2025-03-24,000002,Echange,500,34,,RUE GRENETA,4318,75002,75102,Paris 2e Arrondissement,75,,,75102000AM0171,,,1109,,,,,,,,,,1,3,Dépendance,,0,,,,,,2.349296,48.865631
2025-491754,2025-03-24,000002,Echange,500,34,,RUE GRENETA,4318,75002,75102,Paris 2e Arrondissement,75,,,75102000AM0171,,,1109,,,,,,,,,,1,2,Appartement,80,2,,,,,,2.349296,48.865631
2025-491754,2025-03-24,000002,Echange,500,34,,RUE GRENETA,4318,75002,75102,Paris 2e Arrondissement,75,,,75102000AM0171,,,1109,,,,,,,,,,1,3,Dépendance,,0,,,,,,2.349296,48.865631
2025-491849,2025-03-26,000001,Vente,190000,78,,RUE D ABOUKIR,0040,75002,75102,Paris 2e Arrondissement,75,,,75102000AI0139,,,41,19.9,,,,,,,,,1,2,Appartement,35,2,,,,,,2.347094,48.867715
2025-491851,2025-03-26,000001,Vente,680000,9,,RUE POISSONNIERE,7561,75002,75102,Paris 2e Arrondissement,75,,,75102000AH0086,,,22,85,23,,24,,25,,,,4,4,Local industriel. commercial ou assimilé,86,0,,,,,,2.347573,48.869024
2025-491854,2025-03-28,000001,Vente,1600000,8,,RUE DE LA PAIX,6998,75002,75102,Paris 2e Arrondissement,75,,,75102000AB0048,,,3,35,,,,,,,,,1,4,Local industriel. commercial ou assimilé,38,0,,,,,,2.331416,48.86866
2025-491856,2025-03-31,000001,Vente,308126,152,,RUE SAINT-DENIS,8525,75002,75102,Paris 2e Arrondissement,75,,,75102000AM0091,,,37,26.33,,,,,,,,,1,2,Appartement,26,1,,,,,,2.35081,48.865632
2025-491866,2025-03-10,000001,Vente,1215000,10,,RUE DU CROISSANT,2451,75002,75102,Paris 2e Arrondissement,75,,,75102000AI0078,,,58,7.2,82,75.18,,,,,,,2,3,Dépendance,,0,,,,,,2.344872,48.86882
2025-491866,2025-03-10,000001,Vente,1215000,10,,RUE DU CROISSANT,2451,75002,75102,Paris 2e Arrondissement,75,,,75102000AI0078,,,58,7.2,82,75.18,,,,,,,2,2,Appartement,80,4,,,,,,2.344872,48.86882
2025-491866,2025-03-10,000001,Vente,1215000,10,,RUE DU CROISSANT,2451,75002,75102,Paris 2e Arrondissement,75,,,75102000AI0078,,,54,18.8,,,,,,,,,1,2,Appartement,26,1,,,,,,2.344872,48.86882
2025-491866,2025-03-10,000001,Vente,1215000,10,,RUE DU CROISSANT,2451,75002,75102,Paris 2e Arrondissement,75,,,75102000AI0078,,,64,,,,,,,,,,1,3,Dépendance,,0,,,,,,2.344872,48.86882
2025-491886,2025-03-25,000001,Vente,190000,259,,RUE SAINT-DENIS,8525,75002,75102,Paris 2e Arrondissement,75,,,75102000AP0112,,,5,18.53,,,,,,,,,1,2,Appartement,18,1,,,,,,2.351434,48.868345
2025-491924,2025-03-18,000001,Vente,155000,14,,RUE SAINTE FOY,8561,75002,75102,Paris 2e Arrondissement,75,,,75102000AP0125,,,51,15.61,52,15.61,,,,,,,2,2,Appartement,16,1,,,,,,2.351252,48.868493
2025-491968,2025-03-24,000001,Vente,794000,55,,RUE MONTMARTRE,6513,75002,75102,Paris 2e Arrondissement,75,,,75102000AK0086,,,50,84.42,51,,52,,,,,,3,2,Appartement,83,3,,,,,,2.344134,48.865842
2025-491969,2025-03-24,000001,Vente,82140,10,,RUE SAINT-MARC,8686,75002,75102,Paris 2e Arrondissement,75,,,75102000AG0062,,,278,,,,,,,,,,1,4,Local industriel. commercial ou assimilé,120,0,,,,,,2.341525,48.8705
2025-492202,2025-03-24,000001,Vente,810000,9,,RUE DU NIL,6783,75002,75102,Paris 2e Arrondissement,75,,,75102000AN0125,,,42,97.88,,,,,,,,,1,4,Local industriel. commercial ou assimilé,207,0,,,,,,2.347625,48.867586
2025-492202,2025-03-24,000001,Vente,810000,9,,RUE DU NIL,6783,75002,75102,Paris 2e Arrondissement,75,,,75102000AN0125,,,42,97.88,,,,,,,,,1,2,Appartement,101,3,,,,,,2.347625,48.867586
2025-492207,2025-03-06,000001,Vente,44500,10,,RUE DE LA PAIX,6998,75002,75102,Paris 2e Arrondissement,75,,,75102000AB0050,,,93,9,,,,,,,,,1,4,Local industriel. commercial ou assimilé,10,0,,,,,,2.33156,48.868834
2025-492207,2025-03-06,000001,Vente,44500,10,,RUE DE LA PAIX,6998,75002,75102,Paris 2e Arrondissement,75,,,75102000AB0050,,,94,9,,,,,,,,,1,4,Local industriel. commercial ou assimilé,10,0,,,,,,2.33156,48.868834
2025-492211,2025-03-31,000001,Vente,1100000,120,,RUE MONTMARTRE,6513,75002,75102,Paris 2e Arrondissement,75,,,75102000AJ0023,,,1,174.39,,,,,,,,,1,4,Local industriel. commercial ou assimilé,78,0,,,,,,2.344042,48.867831
2025-492211,2025-03-31,000001,Vente,1100000,120,,RUE MONTMARTRE,6513,75002,75102,Paris 2e Arrondissement,75,,,75102000AJ0023,,,2,174.39,,,,,,,,,1,4,Local industriel. commercial ou assimilé,95,0,,,,,,2.344042,48.867831
2025-492294,2025-03-26,000001,Vente,329000,15,,RUE PAUL LELONG,7167,75002,75102,Paris 2e Arrondissement,75,,,75102000AJ0156,,,13,26,25,,,,,,,,2,2,Appartement,26,1,,,,,,2.342232,48.867486
2025-492331,2025-03-27,000001,Vente,1450000,9,,RUE DU NIL,6783,75002,75102,Paris 2e Arrondissement,75,,,75102000AN0125,,,1,,8,88.63,,,,,,,2,4,Local industriel. commercial ou assimilé,100,0,,,,,,2.347625,48.867586
2025-492333,2025-03-31,000001,Vente,153000,59,,RUE GRENETA,4318,75002,75102,Paris 2e Arrondissement,75,,,75102000AL0014,,,63,28.02,,,,,,,,,1,2,Appartement,26,1,,,,,,2.347787,48.865347
2025-492384,2025-03-28,000001,Vente,800000,49,,RUE VIVIENNE,9893,75002,75102,Paris 2e Arrondissement,75,,,75102000AG0056,,,1020,,1043,,,,,,,,2,3,Dépendance,,0,,,,,,2.340907,48.871207
2025-492384,2025-03-28,000001,Vente,800000,49,,RUE VIVIENNE,9893,75002,75102,Paris 2e Arrondissement,75,,,75102000AG0056,,,1020,,1043,,,,,,,,2,2,Appartement,66,2,,,,,,2.340907,48.871207
2025-492384,2025-03-28,000001,Vente,800000,49,,RUE VIVIENNE,9893,75002,75102,Paris 2e Arrondissement,75,,,75102000AG0056,,,4131,,,,,,,,,,1,3,Dépendance,,0,,,,,,2.340907,48.871207
2025-492387,2025-02-27,000001,Vente,346320,62,,RUE MONTMARTRE,6513,75002,75102,Paris 2e Arrondissement,75,,,75102000AK0044,,,24,,25,,57,,,,,,3,2,Appartement,50,3,,,,,,2.345258,48.865574
2025-492423,2025-03-31,000001,Vente,1000000,35,,RUE DU SENTIER,8922,75002,75102,Paris 2e Arrondissement,75,,,75102000AH0041,,,5,,,,,,,,,,1,4,Local industriel. commercial ou assimilé,177,0,,,,,,2.345675,48.86995
2025-492426,2025-03-28,000001,Vente,500000,187,,RUE SAINT-DENIS,8525,75002,75102,Paris 2e Arrondissement,75,,,75102000AM0042,,,7,,,,,,,,,,1,2,Appartement,31,2,,,,,,2.350199,48.866175
2025-492426,2025-03-28,000001,Vente,500000,187,,RUE SAINT-DENIS,8525,75002,75102,Paris 2e Arrondissement,75,,,75102000AM0042,,,1,,,,,,,,,,1,4,Local industriel. commercial ou assimilé,19,0,,,,,,2.350199,48.866175
2025-492445,2025-04-07,000001,Vente,472000,36,,RUE DES JEUNEURS,4973,75002,75102,Paris 2e Arrondissement,75,,,75102000AH0034,,,17,32.65,24,,,,,,,,2,3,Dépendance,,0,,,,,,2.344375,48.869735
2025-492445,2025-04-07,000001,Vente,472000,36,,RUE DES JEUNEURS,4973,75002,75102,Paris 2e Arrondissement,75,,,75102000AH0034,,,17,32.65,24,,,,,,,,2,2,Appartement,31,2,,,,,,2.344375,48.869735
2025-492469,2025-03-31,000001,Vente,405000,4,,RUE DES PETITS CARREAUX,7346,75002,75102,Paris 2e Arrondissement,75,,,75102000AM0008,,,9,38.32,,,,,,,,,1,2,Appartement,40,1,,,,,,2.347399,48.866446
2025-492476,2025-03-27,000001,Vente,350000,141,,RUE SAINT-DENIS,8525,75002,75102,Paris 2e Arrondissement,75,,,75102000AL0053,,,121,29.58,122,,,,,,,,2,3,Dépendance,,0,,,,,,2.34979,48.864588
2025-492476,2025-03-27,000001,Vente,350000,141,,RUE SAINT-DENIS,8525,75002,75102,Paris 2e Arrondissement,75,,,75102000AL0053,,,121,29.58,122,,,,,,,,2,2,Appartement,30,2,,,,,,2.34979,48.864588
2025-492481,2025-03-26,000001,Vente,1150000,11,,RUE TIQUETONNE,9318,75002,75102,Paris 2e Arrondissement,75,,,75102000AL0103,,,44,141.96,,,,,,,,,1,2,Appartement,140,3,,,,,,2.349087,48.864338
2025-492543,2025-03-28,000001,Vente,1090000,34,,RUE VIVIENNE,9893,75002,75102,Paris 2e Arrondissement,75,,,75102000AG0063,,,198,89.51,362,,,,,,,,2,2,Appartement,88,3,,,,,,2.341752,48.870724
2025-492550,2025-03-27,000001,Vente,1130000,6,B,RUE DU QUATRE SEPTEMBRE,7930,75002,75102,Paris 2e Arrondissement,75,,,75102000AF0008,,,22,,3,110,,,,,,,2,3,Dépendance,,0,,,,,,2.339154,48.869281
2025-492550,2025-03-27,000001,Vente,1130000,6,B,RUE DU QUATRE SEPTEMBRE,7930,75002,75102,Paris 2e Arrondissement,75,,,75102000AF0008,,,22,,3,110,,,,,,,2,2,Appartement,101,4,,,,,,2.339154,48.869281
2025-492646,2025-03-19,000001,Vente,676900,39,,RUE DE CLERY,2110,75002,75102,Paris 2e Arrondissement,75,,,75102000AO0092,,,29,60.62,,,,,,,,,1,2,Appartement,65,2,,,,,,2.348312,48.86881
2025-492703,2025-03-31,000001,Vente,420000,77,,RUE D ABOUKIR,0040,75002,75102,Paris 2e Arrondissement,75,,,75102000AI0137,,,44,38.46,,,,,,,,,1,2,Appartement,38,2,,,,,,2.347229,48.867977
2025-492722,2025-04-15,000001,Vente,200000,5,,RUE DU CROISSANT,2451,75002,75102,Paris 2e Arrondissement,75,,,75102000AI0148,,,21,15.46,,,,,,,,,1,2,Appartement,18,1,,,,,,2.34494,48.86859
2025-492741,2025-03-31,000001,Vente,400000,47,,RUE VIVIENNE,9893,75002,75102,Paris 2e Arrondissement,75,,,75102000AG0139,,,63,30.83,,,,,,,,,1,4,Local industriel. commercial ou assimilé,31,0,,,,,,2.340815,48.870922
2025-492800,2025-03-20,000001,Vente,296000,60,,RUE DE CLERY,2110,75002,75102,Paris 2e Arrondissement,75,,,75102000AO0181,,,104,,111,23.05,,,,,,,2,3,Dépendance,,0,,,,,,2.348693,48.868533
2025-492800,2025-03-20,000001,Vente,296000,60,,RUE DE CLERY,2110,75002,75102,Paris 2e Arrondissement,75,,,75102000AO0181,,,104,,111,23.05,,,,,,,2,2,Appartement,25,1,,,,,,2.348693,48.868533
2025-492811,2025-03-28,000001,Vente,175000,68,,RUE DE CLERY,2110,75002,75102,Paris 2e Arrondissement,75,,,75102000AO0171,,,14,15.97,,,,,,,,,1,2,Appartement,15,1,,,,,,2.349291,48.868752
2025-492833,2025-03-31,000001,Vente,1750000,9,,RUE LEOPOLD BELLAN,5582,75002,75102,Paris 2e Arrondissement,75,,,75102000AK0007,,,105,,31,,70,,73,,74,,8,4,Local industriel. commercial ou assimilé,236,0,,,,,,2.346004,48.866286
2025-492833,2025-03-31,000001,Vente,1750000,8,,RUE BACHAUMONT,0622,75002,75102,Paris 2e Arrondissement,75,,,75102000AK0017,,,41,,45,,47,,,,,,3,4,Local industriel. commercial ou assimilé,172,0,,,,,,2.346086,48.866122
2025-492943,2025-04-15,000001,Vente,199000,3,,RUE SAINT-AUGUSTIN,8493,75002,75102,Paris 2e Arrondissement,75,,,75102000AF0087,,,71,13.68,,,,,,,,,1,2,Appartement,18,1,,,,,,2.337596,48.868712
2025-492946,2025-03-31,000001,Vente,146000,143,,RUE D ABOUKIR,0040,75002,75102,Paris 2e Arrondissement,75,,,75102000AO0144,,,67,12.25,85,,,,,,,,2,2,Appartement,11,1,,,,,,2.351944,48.869438
2025-493036,2025-04-08,000001,Vente,1600000,73,,RUE REAUMUR,8073,75002,75102,Paris 2e Arrondissement,75,,,75102000AM0029,,,3,12,,,,,,,,,1,4,Local industriel. commercial ou assimilé,12,0,,,,,,2.349435,48.866685
2025-493036,2025-04-08,000001,Vente,1600000,73,,RUE REAUMUR,8073,75002,75102,Paris 2e Arrondissement,75,,,75102000AM0029,,,2,67.13,,,,,,,,,1,4,Local industriel. commercial ou assimilé,80,0,,,,,,2.349435,48.866685
2025-493036,2025-04-08,000001,Vente,1600000,34,,RUE DUSSOUBS,3055,75002,75102,Paris 2e Arrondissement,75,,,75102000AM0032,,,103,,104,,105,,112,,117,,11,4,Local industriel. commercial ou assimilé,266,0,,,,,,2.349498,48.866427
2025-493044,2025-03-31,000001,Vente,150000,14,,RUE SAINTE FOY,8561,75002,75102,Paris 2e Arrondissement,75,,,75102000AP0125,,,92,16.66,,,,,,,,,1,2,Appartement,18,1,,,,,,2.351252,48.868493
2025-493134,2025-04-29,000001,Vente,330000,7,B,BD DE BONNE NOUVELLE,1097,75002,75102,Paris 2e Arrondissement,75,,,75102000AO0029,,,10,25.18,,,,,,,,,1,4,Local industriel. commercial ou assimilé,24,0,,,,,,2.350845,48.869847
2025-493153,2025-04-23,000001,Vente,1890000,2,,RUE CHABANAIS,1669,75002,75102,Paris 2e Arrondissement,75,,,75102000AE0032,,,48,141.97,,,,,,,,,1,2,Appartement,109,4,,,,,,2.336776,48.866926
2025-493153,2025-04-23,000001,Vente,1890000,2,,RUE CHABANAIS,1669,75002,75102,Paris 2e Arrondissement,75,,,75102000AE0032,,,49,,,,,,,,,,1,3,Dépendance,,0,,,,,,2.336776,48.866926
2025-493183,2025-04-25,000001,Vente,711208,93,,RUE REAUMUR,8073,75002,75102,Paris 2e Arrondissement,75,,,75102000AJ0077,,,106,69.03,,,,,,,,,1,2,Appartement,69,2,,,,,,2.346405,48.867222
2025-493219,2025-04-14,000001,Vente,107000,14,,RUE SAINT-SAUVEUR,8752,75002,75102,Paris 2e Arrondissement,75,,,75102000AM0024,,,12,19.25,,,,,,,,,1,2,Appartement,33,2,,,,,,2.348876,48.866271
2025-493229,2025-04-23,000001,Vente,7000,16,,RUE MARIE STUART,6084,75002,75102,Paris 2e Arrondissement,75,,,75102000AL0011,,,31,,,,,,,,,,1,2,Appartement,9,2,,,,,,2.347561,48.865125
2025-493230,2025-04-23,000001,Vente,23000,16,,RUE MARIE STUART,6084,75002,75102,Paris 2e Arrondissement,75,,,75102000AL0011,,,32,,,,,,,,,,1,2,Appartement,9,2,,,,,,2.347561,48.865125
2025-493248,2025-05-06,000001,Vente,340000,146,,RUE MONTMARTRE,6513,75002,75102,Paris 2e Arrondissement,75,,,75102000AI0063,,,139,,43,26.98,44,,,,,,3,2,Appartement,30,2,,,,,,2.343497,48.869328
2025-493252,2025-04-28,000001,Vente,550000,277,,RUE SAINT-DENIS,8525,75002,75102,Paris 2e Arrondissement,75,,,75102000AP0119,,,1,53.76,2,,,,,,,,2,4,Local industriel. commercial ou assimilé,50,0,,,,,,2.351914,48.86876
2025-493267,2025-04-25,000001,Vente,1250830,9,,RUE LEOPOLD BELLAN,5582,75002,75102,Paris 2e Arrondissement,75,,,75102000AK0007,,,28,,43,78.55,,,,,,,2,2,Appartement,70,2,,,,,,2.346004,48.866286
2025-493310,2025-04-30,000001,Vente,263043.97,95,,BD DE SEBASTOPOL,8894,75002,75102,Paris 2e Arrondissement,75,,,75102000AM0060,,,1096,318.95,,,,,,,,,1,4,Local industriel. commercial ou assimilé,142,0,,,,,,2.352099,48.866097
2025-493381,2025-04-24,000001,Vente,1230000,15,,RUE TIQUETONNE,9318,75002,75102,Paris 2e Arrondissement,75,,,75102000AL0109,,,27,106.05,29,106.05,44,,55,,56,,5,3,Dépendance,,0,,,,,,2.348607,48.864346
2025-493381,2025-04-24,000001,Vente,1230000,15,,RUE TIQUETONNE,9318,75002,75102,Paris 2e Arrondissement,75,,,75102000AL0109,,,27,106.05,29,106.05,44,,55,,56,,5,2,Appartement,103,5,,,,,,2.348607,48.864346
2025-493458,2025-04-17,000001,Vente,30000,10,,RUE DE LA PAIX,6998,75002,75102,Paris 2e Arrondissement,75,,,75102000AB0050,,,122,,,,,,,,,,1,3,Dépendance,,0,,,,,,2.33156,48.868834
2025-493477,2025-04-17,000001,Vente,372000,8,,RUE DE TRACY,9408,75002,75102,Paris 2e Arrondissement,75,,,75102000AP0075,,,11,48.69,,,,,,,,,1,2,Appartement,40,2,,,,,,2.352891,48.868132
2025-493565,2025-05-16,000001,Vente,137500,152,,RUE SAINT-DENIS,8525,75002,75102,Paris 2e Arrondissement,75,,,75102000AM0091,,,44,12.8,,,,,,,,,1,2,Appartement,13,1,,,,,,2.35081,48.865632
2025-493574,2025-05-06,000001,Vente,950000,115,,RUE D ABOUKIR,0040,75002,75102,Paris 2e Arrondissement,75,,,75102000AO0168,,,36,,38,,,,,,,,2,4,Local industriel. commercial ou assimilé,91,0,,,,,,2.349804,48.868784
2025-493574,2025-05-06,000001,Vente,950000,115,,RUE D ABOUKIR,0040,75002,75102,Paris 2e Arrondissement,75,,,75102000AO0168,,,14,,,,,,,,,,1,4,Local industriel. commercial ou assimilé,56,0,,,,,,2.349804,48.868784
2025-493602,2025-05-12,000001,Vente,340000,3,,RUE MANDAR,5974,75002,75102,Paris 2e Arrondissement,75,,,75102000AK0056,,,27,,28,,29,,3,63.05,4,,5,4,Local industriel. commercial ou assimilé,70,0,,,,,,2.346385,48.865531
2025-493604,2025-05-12,000001,Vente,11370,3,,RUE MANDAR,5974,75002,75102,Paris 2e Arrondissement,75,,,75102000AK0056,,,24,,,,,,,,,,1,4,Local industriel. commercial ou assimilé,70,0,,,,,,2.346385,48.865531
2025-493604,2025-05-12,000001,Vente,11370,3,,RUE MANDAR,5974,75002,75102,Paris 2e Arrondissement,75,,,75102000AK0056,,,21,,,,,,,,,,1,4,Local industriel. commercial ou assimilé,25,0,,,,,,2.346385,48.865531
2025-493611,2025-05-09,000001,Vente,417000,16,,PAS LEMOINE,5507,75002,75102,Paris 2e Arrondissement,75,,,75102000AP0148,,,40,,,,,,,,,,1,3,Dépendance,,0,,,,,,2.352524,48.868749
2025-493611,2025-05-09,000001,Vente,417000,16,,PAS LEMOINE,5507,75002,75102,Paris 2e Arrondissement,75,,,75102000AP0148,,,45,,,,,,,,,,1,2,Appartement,34,1,,,,,,2.352524,48.868749
2025-493616,2025-04-25,000001,Vente,142000,37,,RUE DES JEUNEURS,4973,75002,75102,Paris 2e Arrondissement,75,,,75102000AI0068,,,9,12.27,,,,,,,,,1,2,Appartement,12,1,,,,,,2.343648,48.869657
2025-493671,2025-05-13,000001,Vente,422000,8,,RUE POISSONNIERE,7561,75002,75102,Paris 2e Arrondissement,75,,,75102000AO0087,,,13,31.2,,,,,,,,,1,2,Appartement,28,2,,,,,,2.348036,48.86881
2025-493690,2025-05-15,000001,Vente,1800000,105,,BD DE SEBASTOPOL,8894,75002,75102,Paris 2e Arrondissement,75,,,75102000AN0078,,,4,60.73,,,,,,,,,1,4,Local industriel. commercial ou assimilé,65,0,,,,,,2.352349,48.866457
2025-493690,2025-05-15,000001,Vente,1800000,105,,BD DE SEBASTOPOL,8894,75002,75102,Paris 2e Arrondissement,75,,,75102000AN0078,,,1,112.27,30,,31,,34,,,,4,4,Local industriel. commercial ou assimilé,240,0,,,,,,2.352349,48.866457
2025-493700,2025-05-14,000001,Vente,973000,18,,RUE ETIENNE MARCEL,3392,75002,75102,Paris 2e Arrondissement,75,,,75102000AL0108,,,18,,2,83.61,,,,,,,2,4,Local industriel. commercial ou assimilé,90,0,,,,,,2.348495,48.864185
2025-493701,2025-04-29,000001,Vente,2550000,23,,RUE BEAUREGARD,0789,75002,75102,Paris 2e Arrondissement,75,,,75102000AO0040,,,45,126.04,49,,,,,,,,2,4,Local industriel. commercial ou assimilé,70,0,,,,,,2.350446,48.869584
2025-493702,2025-05-06,000001,Vente,340000,69,,RUE GRENETA,4318,75002,75102,Paris 2e Arrondissement,75,,,75102000AL0003,,,11,31.96,12,31.96,,,,,,,2,2,Appartement,33,2,,,,,,2.347421,48.865526
2025-493728,2025-05-20,000001,Vente,3000,42,,RUE DES JEUNEURS,4973,75002,75102,Paris 2e Arrondissement,75,,,75102000AH0031,,,126,,,,,,,,,,1,2,Appartement,115,4,,,,,,2.343762,48.870265
2025-493743,2025-04-29,000001,Vente,861000,61,,RUE MONTORGUEIL,6520,75002,75102,Paris 2e Arrondissement,75,,,75102000AK0033,,,11,69.04,,,,,,,,,1,2,Appartement,70,3,,,,,,2.346702,48.865726
2025-493755,2025-04-28,000001,Vente,1350000,40,,RUE TIQUETONNE,9318,75002,75102,Paris 2e Arrondissement,75,,,75102000AL0139,,,5,133.95,6,,7,,8,,,,4,3,Dépendance,,0,,,,,,2.347699,48.864897
2025-493755,2025-04-28,000001,Vente,1350000,40,,RUE TIQUETONNE,9318,75002,75102,Paris 2e Arrondissement,75,,,75102000AL0139,,,5,133.95,6,,7,,8,,,,4,2,Appartement,130,5,,,,,,2.347699,48.864897
2025-493755,2025-04-28,000001,Vente,1350000,40,,RUE TIQUETONNE,9318,75002,75102,Paris 2e Arrondissement,75,,,75102000AL0139,,,24,,26,,,,,,,,2,3,Dépendance,,0,,,,,,2.347699,48.864897
2025-493755,2025-04-28,000001,Vente,1350000,40,,RUE TIQUETONNE,9318,75002,75102,Paris 2e Arrondissement,75,,,75102000AL0139,,,24,,26,,,,,,,,2,3,Dépendance,,0,,,,,,2.347699,48.864897
2025-493761,2025-05-20,000001,Vente,200000,11,,RUE DU PONCEAU,7590,75002,75102,Paris 2e Arrondissement,75,,,75102000AN0084,,,58,18.52,,,,,,,,,1,2,Appartement,18,1,,,,,,2.351554,48.866707
2025-493781,2025-05-15,000001,Vente,333220.75,10,,RUE POISSONNIERE,7561,75002,75102,Paris 2e Arrondissement,75,,,75102000AO0086,,,39,24.72,42,,45,,48,,,,4,2,Appartement,25,1,,,,,,2.348,48.868917
2025-493825,2025-05-02,000001,Vente,118000,16,,RUE TIQUETONNE,9318,75002,75102,Paris 2e Arrondissement,75,,,75102000AL0046,,,15,,,,,,,,,,1,2,Appartement,13,1,,,,,,2.349262,48.864633
2025-493872,2025-05-20,000001,Echange,200,9,,RUE CHABANAIS,1669,75002,75102,Paris 2e Arrondissement,75,,,75102000AE0019,,,54,,,,,,,,,,1,2,Appartement,43,2,,,,,,2.336703,48.867568
2025-493872,2025-05-20,000001,Echange,200,9,,RUE CHABANAIS,1669,75002,75102,Paris 2e Arrondissement,75,,,75102000AE0019,,,52,,,,,,,,,,1,3,Dépendance,,0,,,,,,2.336703,48.867568
2025-493872,2025-05-20,000001,Echange,200,9,,RUE CHABANAIS,1669,75002,75102,Paris 2e Arrondissement,75,,,75102000AE0019,,,54,,,,,,,,,,1,3,Dépendance,,0,,,,,,2.336703,48.867568
2025-493872,2025-05-20,000001,Echange,200,9,,RUE CHABANAIS,1669,75002,75102,Paris 2e Arrondissement,75,,,75102000AE0019,,,52,,,,,,,,,,1,2,Appartement,54,3,,,,,,2.336703,48.867568
2025-493873,2025-05-20,000002,Echange,100,9,,RUE CHABANAIS,1669,75002,75102,Paris 2e Arrondissement,75,,,75102000AE0019,,,46,,,,,,,,,,1,3,Dépendance,,0,,,,,,2.336703,48.867568
2025-493873,2025-05-20,000003,Echange,100,9,,RUE CHABANAIS,1669,75002,75102,Paris 2e Arrondissement,75,,,75102000AE0019,,,50,,,,,,,,,,1,3,Dépendance,,0,,,,,,2.336703,48.867568
2025-493874,2025-05-27,000001,Vente,410000,33,,RUE DE PALESTRO,7018,75002,75102,Paris 2e Arrondissement,75,,,75102000AN0079,,,9,34.82,,,,,,,,,1,2,Appartement,37,2,,,,,,2.352059,48.866651
2025-493874,2025-05-27,000001,Vente,410000,33,,RUE DE PALESTRO,7018,75002,75102,Paris 2e Arrondissement,75,,,75102000AN0079,,,18,,,,,,,,,,1,3,Dépendance,,0,,,,,,2.352059,48.866651
2025-493904,2025-05-07,000001,Vente,535000,98,,RUE MONTMARTRE,6513,75002,75102,Paris 2e Arrondissement,75,,,75102000AJ0161,,,64,,71,,82,32.24,85,,,,4,2,Appartement,50,2,,,,,,2.344306,48.867256
2025-493928,2025-05-19,000001,Vente,557200,26,,RUE ETIENNE MARCEL,3392,75002,75102,Paris 2e Arrondissement,75,,,75102000AL0118,,,24,48.02,,,,,,,,,1,2,Appartement,50,3,,,,,,2.347318,48.864483
2025-493928,2025-05-19,000001,Vente,557200,26,,RUE ETIENNE MARCEL,3392,75002,75102,Paris 2e Arrondissement,75,,,75102000AL0118,,,15,,,,,,,,,,1,3,Dépendance,,0,,,,,,2.347318,48.864483
2025-493930,2025-05-28,000001,Vente,286050,76,,RUE DE RICHELIEU,8212,75002,75102,Paris 2e Arrondissement,75,,,75102000AF0004,,,11,26.67,,,,,,,,,1,2,Appartement,25,2,,,,,,2.3391,48.869365
2025-494024,2025-03-19,000001,Adjudication,186000,6,,PAS LEMOINE,5507,75002,75102,Paris 2e Arrondissement,75,,,75102000AP0060,,,112,20.85,,,,,,,,,1,2,Appartement,21,1,,,,,,2.35296,48.868604
2025-494037,2025-06-03,000001,Vente,160000,14,,RUE SAINTE FOY,8561,75002,75102,Paris 2e Arrondissement,75,,,75102000AP0125,,,134,17.2,,,,,,,,,1,2,Appartement,17,1,,,,,,2.351252,48.868493
2025-494048,2025-05-30,000001,Vente,196000,275,,RUE SAINT-DENIS,8525,75002,75102,Paris 2e Arrondissement,75,,,75102000AP0118,,,15,13.79,,,,,,,,,1,3,Dépendance,,0,,,,,,2.35173,48.86873
2025-494070,2025-05-28,000001,Vente,610000,15,,RUE DE PALESTRO,7018,75002,75102,Paris 2e Arrondissement,75,,,75102000AM0070,,,13,52.2,43,,,,,,,,2,2,Appartement,52,2,,,,,,2.351169,48.865472
2025-494070,2025-05-28,000001,Vente,610000,15,,RUE DE PALESTRO,7018,75002,75102,Paris 2e Arrondissement,75,,,75102000AM0070,,,13,52.2,43,,,,,,,,2,3,Dépendance,,0,,,,,,2.351169,48.865472
2025-494087,2025-05-06,000001,Vente,123000,18,,RUE SAINT-JOSEPH,8659,75002,75102,Paris 2e Arrondissement,75,,,75102000AI0053,,,5,,,,,,,,,,1,2,Appartement,15,1,,,,,,2.344197,48.868715
2025-494159,2025-06-05,000001,Vente,840000,4,,RUE DE HANOVRE,4467,75002,75102,Paris 2e Arrondissement,75,,,75102000AC0041,,,16,51.21,17,52,,,,,,,2,2,Appartement,52,2,,,,,,2.335675,48.870316
2025-494159,2025-06-05,000001,Vente,840000,4,,RUE DE HANOVRE,4467,75002,75102,Paris 2e Arrondissement,75,,,75102000AC0041,,,16,51.21,17,52,,,,,,,2,3,Dépendance,,0,,,,,,2.335675,48.870316
2025-494184,2025-05-28,000001,Vente,400000,11,,RUE RAMEAU,8011,75002,75102,Paris 2e Arrondissement,75,,,75102000AE0002,,,3,18.3,31,,32,,33,,34,,6,4,Local industriel. commercial ou assimilé,30,0,,,,,,2.336845,48.867822
2025-494193,2025-05-26,000001,Vente,190000,18,,RUE DES JEUNEURS,4973,75002,75102,Paris 2e Arrondissement,75,,,75102000AH0078,,,31,17.4,,,,,,,,,1,2,Appartement,18,1,,,,,,2.346299,48.869156
2025-494206,2025-06-04,000001,Vente,70000,2,,RUE NOTRE-DAME DES VICTOIRES,6840,75002,75102,Paris 2e Arrondissement,75,,,75102000AJ0127,,,31,,,,,,,,,,1,3,Dépendance,,0,,,,,,2.341263,48.866494
2025-494234,2025-05-21,000001,Vente,137000,17,,BD MONTMARTRE,6510,75002,75102,Paris 2e Arrondissement,75,,,75102000AG0052,,,93,6.4,,,,,,,,,1,3,Dépendance,,0,,,,,,2.340741,48.871594
2025-494234,2025-05-21,000001,Vente,137000,17,,BD MONTMARTRE,6510,75002,75102,Paris 2e Arrondissement,75,,,75102000AG0052,,,94,5.45,,,,,,,,,1,3,Dépendance,,0,,,,,,2.340741,48.871594
2025-494339,2025-05-20,000001,Vente,3000,53,,RUE MONTMARTRE,6513,75002,75102,Paris 2e Arrondissement,75,,,75102000AK0085,,,29,,,,,,,,,,1,3,Dépendance,,0,,,,,,2.344263,48.86579
2025-494351,2025-05-23,000001,Vente,705000,48,,PAS DES PANORAMAS,7028,75002,75102,Paris 2e Arrondissement,75,,,75102000AG0063,,,100,44.51,,,,,,,,,1,4,Local industriel. commercial ou assimilé,36,0,,,,,,2.341752,48.870724
2025-494393,2025-06-03,000001,Vente,155000,17,,RUE DES PETITS CARREAUX,7346,75002,75102,Paris 2e Arrondissement,75,,,75102000AJ0082,,,36,12.19,,,,,,,,,1,2,Appartement,13,1,,,,,,2.346796,48.867104
2025-494409,2025-06-10,000001,Vente,165000,218,B,RUE SAINT-DENIS,8525,75002,75102,Paris 2e Arrondissement,75,,,75102000AP0101,,,32,15.55,,,,,,,,,1,2,Appartement,16,1,,,,,,2.352385,48.867894
2025-494462,2025-06-09,000001,Vente,420000,3,,RUE TIQUETONNE,9318,75002,75102,Paris 2e Arrondissement,75,,,75102000AL0096,,,3,38.53,4,,,,,,,,2,2,Appartement,42,2,,,,,,2.349826,48.864294
2025-494524,2025-05-27,000001,Vente,600000,126,,RUE D ABOUKIR,0040,75002,75102,Paris 2e Arrondissement,75,,,75102000AP0010,,,5,55.64,,,,,,,,,1,2,Appartement,63,2,,,,,,2.351176,48.868883
2025-494532,2025-05-23,000001,Vente,355050,18,,RUE SAINT-JOSEPH,8659,75002,75102,Paris 2e Arrondissement,75,,,75102000AI0053,,,6,29.95,,,,,,,,,1,3,Dépendance,,0,,,,,,2.344197,48.868715
2025-494532,2025-05-23,000001,Vente,355050,18,,RUE SAINT-JOSEPH,8659,75002,75102,Paris 2e Arrondissement,75,,,75102000AI0053,,,6,29.95,,,,,,,,,1,2,Appartement,28,2,,,,,,2.344197,48.868715
2025-494575,2025-06-02,000001,Vente,126400,47,,RUE GRENETA,4318,75002,75102,Paris 2e Arrondissement,75,,,75102000AL0023,,,92,,,,,,,,,,1,2,Appartement,15,1,,,,,,2.348391,48.865193
2025-494602,2025-05-27,000001,Vente,115000,7,,RUE DE LA MICHODIERE,5302,75002,75102,Paris 2e Arrondissement,75,,,75102000AC0070,,,24,10.81,25,,,,,,,,2,2,Appartement,14,1,,,,,,2.334428,48.869458
2025-494603,2025-05-23,000001,Vente,158400,5,,RUE DE PALESTRO,7018,75002,75102,Paris 2e Arrondissement,75,,,75102000AL0064,,,34,,35,,36,,62,,,,4,2,Appartement,47,3,,,,,,2.35087,48.864703
2025-494677,2025-06-20,000001,Vente,325000,53,,RUE GRENETA,4318,75002,75102,Paris 2e Arrondissement,75,,,75102000AL0019,,,25,,,,,,,,,,1,3,Dépendance,,0,,,,,,2.348043,48.865307
2025-494677,2025-06-20,000001,Vente,325000,53,,RUE GRENETA,4318,75002,75102,Paris 2e Arrondissement,75,,,75102000AL0019,,,19,24.82,,,,,,,,,1,2,Appartement,24,1,,,,,,2.348043,48.865307
2025-494688,2025-06-11,000001,Vente,15200000,32,,RUE SAINT-MARC,8686,75002,75102,Paris 2e Arrondissement,75,,,75102000AG0035,,,,,,,,,,,,,0,2,Appartement,54,3,S,sols,,,314,2.338717,48.870793
2025-494688,2025-06-11,000001,Vente,15200000,32,,RUE SAINT-MARC,8686,75002,75102,Paris 2e Arrondissement,75,,,75102000AG0035,,,,,,,,,,,,,0,2,Appartement,24,1,S,sols,,,314,2.338717,48.870793
2025-494688,2025-06-11,000001,Vente,15200000,32,,RUE SAINT-MARC,8686,75002,75102,Paris 2e Arrondissement,75,,,75102000AG0035,,,,,,,,,,,,,0,2,Appartement,77,3,S,sols,,,314,2.338717,48.870793
2025-494688,2025-06-11,000001,Vente,15200000,32,,RUE SAINT-MARC,8686,75002,75102,Paris 2e Arrondissement,75,,,75102000AG0035,,,,,,,,,,,,,0,4,Local industriel. commercial ou assimilé,159,0,S,sols,,,314,2.338717,48.870793
2025-494688,2025-06-11,000001,Vente,15200000,32,,RUE SAINT-MARC,8686,75002,75102,Paris 2e Arrondissement,75,,,75102000AG0035,,,,,,,,,,,,,0,2,Appartement,23,1,S,sols,,,314,2.338717,48.870793
2025-494688,2025-06-11,000001,Vente,15200000,32,,RUE SAINT-MARC,8686,75002,75102,Paris 2e Arrondissement,75,,,75102000AG0035,,,,,,,,,,,,,0,4,Local industriel. commercial ou assimilé,92,0,S,sols,,,314,2.338717,48.870793
2025-494688,2025-06-11,000001,Vente,15200000,32,,RUE SAINT-MARC,8686,75002,75102,Paris 2e Arrondissement,75,,,75102000AG0035,,,,,,,,,,,,,0,4,Local industriel. commercial ou assimilé,95,0,S,sols,,,314,2.338717,48.870793
2025-494688,2025-06-11,000001,Vente,15200000,32,,RUE SAINT-MARC,8686,75002,75102,Paris 2e Arrondissement,75,,,75102000AG0035,,,,,,,,,,,,,0,2,Appartement,13,1,S,sols,,,314,2.338717,48.870793
2025-494688,2025-06-11,000001,Vente,15200000,32,,RUE SAINT-MARC,8686,75002,75102,Paris 2e Arrondissement,75,,,75102000AG0035,,,,,,,,,,,,,0,4,Local industriel. commercial ou assimilé,53,0,S,sols,,,314,2.338717,48.870793
2025-494688,2025-06-11,000001,Vente,15200000,32,,RUE SAINT-MARC,8686,75002,75102,Paris 2e Arrondissement,75,,,75102000AG0035,,,,,,,,,,,,,0,3,Dépendance,,0,S,sols,,,314,2.338717,48.870793
2025-494688,2025-06-11,000001,Vente,15200000,32,,RUE SAINT-MARC,8686,75002,75102,Paris 2e Arrondissement,75,,,75102000AG0035,,,,,,,,,,,,,0,3,Dépendance,,0,S,sols,,,314,2.338717,48.870793
2025-494688,2025-06-11,000001,Vente,15200000,32,,RUE SAINT-MARC,8686,75002,75102,Paris 2e Arrondissement,75,,,75102000AG0035,,,,,,,,,,,,,0,4,Local industriel. commercial ou assimilé,8,0,S,sols,,,314,2.338717,48.870793
2025-494688,2025-06-11,000001,Vente,15200000,32,,RUE SAINT-MARC,8686,75002,75102,Paris 2e Arrondissement,75,,,75102000AG0035,,,,,,,,,,,,,0,4,Local industriel. commercial ou assimilé,323,0,S,sols,,,314,2.338717,48.870793
2025-494688,2025-06-11,000001,Vente,15200000,32,,RUE SAINT-MARC,8686,75002,75102,Paris 2e Arrondissement,75,,,75102000AG0035,,,,,,,,,,,,,0,2,Appartement,27,1,S,sols,,,314,2.338717,48.870793
2025-494688,2025-06-11,000001,Vente,15200000,32,,RUE SAINT-MARC,8686,75002,75102,Paris 2e Arrondissement,75,,,75102000AG0035,,,,,,,,,,,,,0,3,Dépendance,,0,S,sols,,,314,2.338717,48.870793
2025-494688,2025-06-11,000001,Vente,15200000,32,,RUE SAINT-MARC,8686,75002,75102,Paris 2e Arrondissement,75,,,75102000AG0035,,,,,,,,,,,,,0,4,Local industriel. commercial ou assimilé,90,0,S,sols,,,314,2.338717,48.870793
2025-494688,2025-06-11,000001,Vente,15200000,32,,RUE SAINT-MARC,8686,75002,75102,Paris 2e Arrondissement,75,,,75102000AG0035,,,,,,,,,,,,,0,4,Local industriel. commercial ou assimilé,96,0,S,sols,,,314,2.338717,48.870793
2025-494688,2025-06-11,000001,Vente,15200000,32,,RUE SAINT-MARC,8686,75002,75102,Paris 2e Arrondissement,75,,,75102000AG0035,,,,,,,,,,,,,0,4,Local industriel. commercial ou assimilé,80,0,S,sols,,,314,2.338717,48.870793
2025-494688,2025-06-11,000001,Vente,15200000,32,,RUE SAINT-MARC,8686,75002,75102,Paris 2e Arrondissement,75,,,75102000AG0035,,,,,,,,,,,,,0,3,Dépendance,,0,S,sols,,,314,2.338717,48.870793
2025-494705,2025-06-16,000001,Vente,490000,28,,RUE POISSONNIERE,7561,75002,75102,Paris 2e Arrondissement,75,,,75102000AO0077,,,1,41.76,13,,15,,,,,,3,4,Local industriel. commercial ou assimilé,53,0,,,,,,2.348075,48.869752
2025-494730,2025-06-18,000001,Vente,268095,123,,RUE D ABOUKIR,0040,75002,75102,Paris 2e Arrondissement,75,,,75102000AO0162,,,136,24.08,,,,,,,,,1,2,Appartement,24,1,,,,,,2.350353,48.868914
2025-494756,2025-06-13,000001,Vente,245000,4,,RUE DE HANOVRE,4467,75002,75102,Paris 2e Arrondissement,75,,,75102000AC0041,,,15,,40,,,,,,,,2,2,Appartement,21,1,,,,,,2.335675,48.870316
2025-494756,2025-06-13,000001,Vente,245000,4,,RUE DE HANOVRE,4467,75002,75102,Paris 2e Arrondissement,75,,,75102000AC0041,,,15,,40,,,,,,,,2,3,Dépendance,,0,,,,,,2.335675,48.870316
2025-494758,2025-06-06,000001,Vente,265000,8,,RUE DE TRACY,9408,75002,75102,Paris 2e Arrondissement,75,,,75102000AP0075,,,45,25.73,,,,,,,,,1,2,Appartement,26,1,,,,,,2.352891,48.868132
2025-494774,2025-06-06,000001,Vente,430000,22,,RUE DUSSOUBS,3055,75002,75102,Paris 2e Arrondissement,75,,,75102000AM0171,,,402,37.4,440,,,,,,,,2,2,Appartement,40,2,,,,,,2.349296,48.865631
2025-494794,2025-06-13,000001,Vente,105000,130,,RUE D ABOUKIR,0040,75002,75102,Paris 2e Arrondissement,75,,,75102000AP0012,,,15,10.05,,,,,,,,,1,2,Appartement,9,1,,,,,,2.351392,48.868942
2025-494801,2025-05-28,000001,Vente,566050,49,,RUE MONTMARTRE,6513,75002,75102,Paris 2e Arrondissement,75,,,75102000AK0083,,,12,52,,,,,,,,,1,3,Dépendance,,0,,,,,,2.344317,48.86567
2025-494801,2025-05-28,000001,Vente,566050,49,,RUE MONTMARTRE,6513,75002,75102,Paris 2e Arrondissement,75,,,75102000AK0083,,,12,52,,,,,,,,,1,2,Appartement,45,3,,,,,,2.344317,48.86567
2025-494869,2025-06-10,000001,Vente,2055000,7,,RUE D ARGOUT,0440,75002,75102,Paris 2e Arrondissement,75,,,75102000AK0111,,,5,125.05,,,,,,,,,1,2,Appartement,127,4,,,,,,2.342885,48.865821
2025-494869,2025-06-10,000001,Vente,2055000,7,,RUE D ARGOUT,0440,75002,75102,Paris 2e Arrondissement,75,,,75102000AK0111,,,5,125.05,,,,,,,,,1,3,Dépendance,,0,,,,,,2.342885,48.865821
2025-494875,2025-06-04,000001,Vente,35000,10,,RUE DE LA PAIX,6998,75002,75102,Paris 2e Arrondissement,75,,,75102000AB0050,,,232,,,,,,,,,,1,4,Local industriel. commercial ou assimilé,12,0,,,,,,2.33156,48.868834
2025-494899,2025-06-24,000001,Vente,690640,5,,RUE THOREL,9293,75002,75102,Paris 2e Arrondissement,75,,,75102000AO0065,,,17,62.91,,,,,,,,,1,2,Appartement,66,3,,,,,,2.348778,48.869484
2025-494906,2025-06-05,000001,Vente,30000,14,,RUE MANDAR,5974,75002,75102,Paris 2e Arrondissement,75,,,75102000AK0039,,,22,,,,,,,,,,1,4,Local industriel. commercial ou assimilé,26,0,,,,,,2.345273,48.865853
2025-494915,2025-06-16,000001,Vente,270750,3,,PAS LEMOINE,5507,75002,75102,Paris 2e Arrondissement,75,,,75102000AP0066,,,27,29.64,,,,,,,,,1,2,Appartement,32,2,,,,,,2.352914,48.868506
2025-494929,2025-06-19,000001,Vente,330000,62,,RUE MONTMARTRE,6513,75002,75102,Paris 2e Arrondissement,75,,,75102000AK0044,,,27,32.9,28,,,,,,,,2,2,Appartement,25,2,,,,,,2.345258,48.865574
2025-494929,2025-06-19,000001,Vente,330000,62,,RUE MONTMARTRE,6513,75002,75102,Paris 2e Arrondissement,75,,,75102000AK0044,,,29,,,,,,,,,,1,2,Appartement,26,1,,,,,,2.345258,48.865574
2025-495055,2025-06-13,000001,Vente,337000,163,,RUE SAINT-DENIS,8525,75002,75102,Paris 2e Arrondissement,75,,,75102000AM0098,,,83,36.5,,,,,,,,,1,2,Appartement,33,2,,,,,,2.349927,48.865342
2025-495168,2025-06-30,000001,Vente,2045700,25,,RUE DU MAIL,5913,75002,75102,Paris 2e Arrondissement,75,,,75102000AJ0144,,,17,106.18,,,,,,,,,1,2,Appartement,100,3,,,,,,2.34305,48.867434
2025-495168,2025-06-30,000001,Vente,2045700,25,,RUE DU MAIL,5913,75002,75102,Paris 2e Arrondissement,75,,,75102000AJ0144,,,17,106.18,,,,,,,,,1,3,Dépendance,,0,,,,,,2.34305,48.867434
2025-495209,2025-06-20,000001,Vente,2163767,14,,RUE SAINT-MARC,8686,75002,75102,Paris 2e Arrondissement,75,,,75102000AG0060,,,25,,26,153.85,28,153.85,,,,,3,2,Appartement,153,5,,,,,,2.340723,48.870617
2025-495213,2025-06-24,000001,Vente,199000,3,,RUE SAINT FIACRE,8609,75002,75102,Paris 2e Arrondissement,75,,,75102000AH0037,,,28,15.94,47,,,,,,,,2,2,Appartement,16,1,,,,,,2.345033,48.869794
2025-495213,2025-06-24,000001,Vente,199000,3,,RUE SAINT FIACRE,8609,75002,75102,Paris 2e Arrondissement,75,,,75102000AH0037,,,28,15.94,47,,,,,,,,2,3,Dépendance,,0,,,,,,2.345033,48.869794
2025-495273,2025-06-23,000001,Vente,1550000,1,,RUE DE LA BANQUE,0654,75002,75102,Paris 2e Arrondissement,75,,,75102000AE0046,,,37,,46,102.02,,,,,,,2,2,Appartement,104,3,,,,,,2.339783,48.866268
2025-495273,2025-06-23,000001,Vente,1550000,1,,RUE DE LA BANQUE,0654,75002,75102,Paris 2e Arrondissement,75,,,75102000AE0046,,,37,,46,102.02,,,,,,,2,3,Dépendance,,0,,,,,,2.339783,48.866268
2025-495279,2025-06-24,000001,Vente,170000,13,,RUE BLONDEL,1021,75002,75102,Paris 2e Arrondissement,75,,,75102000AP0055,,,2,17.49,,,,,,,,,1,4,Local industriel. commercial ou assimilé,16,0,,,,,,2.353385,48.868687
2025-495331,2025-06-25,000001,Vente,208800,30,,RUE SAINT-SAUVEUR,8752,75002,75102,Paris 2e Arrondissement,75,,,75102000AM0012,,,14,14.39,15,,16,,17,,35,,5,2,Appartement,13,1,,,,,,2.347692,48.8664
2025-495358,2025-06-18,000001,Vente,463450,26,,RUE ETIENNE MARCEL,3392,75002,75102,Paris 2e Arrondissement,75,,,75102000AL0118,,,11,34.54,,,,,,,,,1,2,Appartement,30,2,,,,,,2.347318,48.864483
